id,year,month,day,hour,minute,second,lat,lon,description
1,2026,7,9,16.0,30.0,0.0,35.55256,139.097505,目撃 / 成獣: 1
2,2026,7,16,15.0,30.0,0.0,35.5571,139.071948,目撃 / 幼獣: 1
3,2024,8,13,19.0,0.0,0.0,35.5611934,139.1111361,目撃 / 幼獣: 1
4,2024,5,18,13.0,40.0,0.0,35.56369868,139.1044652,目撃 / 成獣: 1
5,2025,11,18,16.0,30.0,0.0,35.56854,139.07978,目撃 / 幼獣: 1
6,2023,5,7,5.0,35.0,0.0,35.56946854,139.0702613,目撃 / 成獣: 1
7,2024,10,11,10.0,0.0,0.0,35.57174216,139.0285931,目撃 / 幼獣: 1
8,2026,7,28,16.0,45.0,0.0,35.57306787,139.0940367,目撃 / 幼獣: 1
9,2025,8,12,18.0,30.0,0.0,35.57434,139.07027,目撃 / 成獣: 1
10,2024,10,12,17.0,0.0,0.0,35.58185511,139.1189269,目撃 / 成獣: 1
11,2023,5,6,12.0,10.0,0.0,35.58843295,139.0903857,目撃 / 成獣: 1
12,2024,7,25,18.0,30.0,0.0,35.59329384,139.1180448,目撃 / 成獣: 1
13,2023,10,21,,,,35.601813,139.252428,目撃 / 幼獣: 1
14,2024,9,24,6.0,0.0,0.0,35.60909943,139.1226792,目撃 / 不明: 1
15,2024,12,23,17.0,0.0,0.0,35.61086,139.11308,目撃 / 幼獣: 1
16,2023,10,18,8.0,0.0,0.0,35.611233,139.270345,目撃 / 不明: 1
17,2024,10,10,8.0,30.0,0.0,35.61222578,139.0830498,目撃 / 成獣: 1
18,2025,6,29,9.0,50.0,0.0,35.61241,139.07034,目撃 / 成獣: 1
19,2024,10,9,15.0,30.0,0.0,35.61256058,139.072178,目撃 / 成獣: 1
20,2025,1,25,14.0,0.0,0.0,35.61387,139.26968,目撃 / 成獣: 1
21,2025,11,10,16.0,0.0,0.0,35.614,139.0819,目撃 / 不明: 1
22,2026,8,27,9.0,30.0,0.0,35.614283,139.085497,目撃 / 成獣: 1 / 幼獣: 2
23,2024,9,19,7.0,30.0,0.0,35.61522599,139.079995,目撃 / 不明: 1
24,2023,11,11,13.0,0.0,0.0,35.61530212,139.2702088,目撃 / 不明: 1
25,2024,10,23,15.0,0.0,0.0,35.61532924,139.1153124,目撃 / 成獣: 1
26,2024,4,13,17.0,40.0,0.0,35.61650877,139.0649705,目撃 / 成獣: 1
27,2026,5,20,16.0,30.0,0.0,35.61655,139.13352,目撃 / 不明: 1
28,2023,10,31,10.0,38.0,0.0,35.61655777,139.0654516,目撃 / 成獣: 1
29,2024,10,21,10.0,0.0,0.0,35.61670626,139.1288879,目撃 / 幼獣: 1
30,2024,7,3,15.0,30.0,0.0,35.61684892,139.0662901,目撃 / 不明: 1
31,2023,4,17,15.0,0.0,0.0,35.61685756,139.064949,目撃 / 成獣: 1
32,2026,2,1,10.0,5.0,0.0,35.62099,139.23013,目撃 / 不明: 1
33,2023,9,26,16.0,50.0,0.0,35.62180231,139.1072439,目撃 / 成獣: 1
34,2023,12,10,14.0,0.0,0.0,35.621974,139.245529,目撃 / 成獣: 1
35,2023,5,5,16.0,25.0,0.0,35.62321394,139.0921885,目撃 / 成獣: 1
36,2025,12,28,11.0,45.0,0.0,35.62378,139.23284,目撃 / 不明: 1
37,2025,12,28,11.0,45.0,0.0,35.62378,139.23284,目撃 / 不明: 1
38,2024,12,18,8.0,50.0,0.0,35.62501,139.24485,目撃 / 成獣: 1
39,2025,10,9,7.0,42.0,0.0,35.62624,139.24683,目撃 / 成獣: 1
40,2026,8,31,15.0,10.0,0.0,35.62783891,139.0587528,目撃 / 幼獣: 1
41,2025,1,25,10.0,0.0,0.0,35.62838,139.25795,目撃 / 不明: 1
42,2025,7,20,,,,35.62991,139.25744,目撃 / 幼獣: 1
43,2024,9,30,10.0,30.0,0.0,35.63021,139.26134,目撃 / 成獣: 1
44,2024,9,14,18.0,0.0,0.0,35.63085,139.22204,目撃 / 不明: 1
45,2026,4,14,13.0,20.0,0.0,35.63172,139.10536,目撃 / 成獣: 1
46,2025,6,23,9.0,30.0,0.0,35.63234277,139.0816231,目撃 / 幼獣: 1
47,2026,9,3,9.0,35.0,0.0,35.632616,139.123223,目撃 / 成獣: 1
48,2025,11,2,11.0,0.0,0.0,35.632771,139.113878,目撃 / 成獣: 1
49,2025,4,30,17.0,0.0,0.0,35.63439,139.0912,目撃 / 成獣: 1
50,2024,9,4,15.0,30.0,0.0,35.63517394,139.0910232,目撃 / 成獣: 1
51,2025,6,13,10.0,50.0,0.0,35.636267,139.100171,目撃 / 成獣: 1
52,2024,6,26,5.0,0.0,0.0,35.63634123,139.1012493,目撃 / 幼獣: 1
53,2025,2,18,14.0,0.0,0.0,35.63649,139.24206,目撃 / 成獣: 1
54,2025,9,10,16.0,47.0,0.0,35.63696,139.24043,撮影 / 不明: 1
55,2025,10,9,16.0,47.0,0.0,35.63696,139.24043,撮影 / 不明: 1
56,2023,11,27,14.0,15.0,0.0,35.637165,139.265764,目撃 / 幼獣: 1
57,2023,5,14,11.0,10.0,0.0,35.637736,139.253114,目撃 / 不明: 1
58,2025,10,29,16.0,0.0,0.0,35.6378,139.08788,目撃 / 幼獣: 1
59,2024,11,5,13.0,0.0,0.0,35.63829972,139.0743021,目撃 / 成獣: 1
60,2026,2,14,16.0,45.0,0.0,35.63857,139.06201,目撃 / 成獣: 1
61,2023,11,9,8.0,30.0,0.0,35.638761,139.215488,目撃 / 成獣: 1
62,2026,5,13,12.0,45.0,0.0,35.638858,139.215609,目撃 / 成獣: 1
63,2023,4,18,10.0,20.0,0.0,35.638927,139.2242,目撃 / 成獣: 1
64,2023,6,28,8.0,0.0,0.0,35.64060327,139.0819825,目撃 / 幼獣: 1
65,2026,6,16,5.0,20.0,0.0,35.640689,139.09795,目撃 / 成獣: 1
66,2025,7,3,16.0,0.0,0.0,35.64083,139.07312,目撃 / 成獣: 1
67,2025,8,1,9.0,0.0,0.0,35.64143,139.09826,目撃 / 成獣: 1
68,2025,10,8,16.0,0.0,0.0,35.642733,139.100748,目撃 / 成獣: 1 / 幼獣: 1
69,2023,11,26,14.0,35.0,0.0,35.64428473,139.1003848,目撃 / 成獣: 1
70,2023,11,9,9.0,10.0,0.0,35.645344,139.215875,目撃 / 成獣: 1
71,2025,11,24,2.0,0.0,0.0,35.646096,139.245105,目撃 / 成獣: 1
72,2026,5,15,22.0,26.0,0.0,35.64634129,139.2326384,撮影 / 成獣: 1
73,2026,2,3,17.0,10.0,0.0,35.646353,139.122425,目撃 / 幼獣: 1
74,2025,7,24,21.0,1.0,0.0,35.64643,139.23289,撮影 / 成獣: 1
75,2025,5,23,17.0,0.0,0.0,35.64679,139.08426,目撃 / 成獣: 1 / 幼獣: 1
76,2025,7,17,0.0,19.0,0.0,35.64731,139.21476,撮影 / 不明: 1
77,2025,7,17,0.0,21.0,0.0,35.64731,139.21476,撮影 / 不明: 1
78,2026,5,16,5.0,1.0,0.0,35.647437,139.233109,撮影 / 成獣: 1
79,2025,8,28,14.0,50.0,0.0,35.64749,139.19105,目撃 / 不明: 1
80,2023,6,30,6.0,45.0,0.0,35.64768778,139.0970164,目撃 / 幼獣: 1
81,2023,5,4,7.0,30.0,0.0,35.64769271,139.0706526,目撃 / 不明: 1
82,2023,8,2,12.0,0.0,0.0,35.647863,139.214072,目撃 / 幼獣: 1
83,2025,8,20,16.0,50.0,0.0,35.64798,139.22195,撮影 / 幼獣: 1
84,2024,5,7,17.0,55.0,0.0,35.64823,139.22656,撮影 / 不明: 1
85,2024,8,31,19.0,16.0,0.0,35.64823,139.22656,撮影 / 成獣: 1 / 幼獣: 1
86,2025,5,13,18.0,8.0,0.0,35.64839,139.22642,撮影 / 成獣: 1 / 幼獣: 1
87,2026,5,16,4.0,21.0,0.0,35.648731,139.231868,撮影 / 成獣: 1
88,2025,5,19,20.0,0.0,0.0,35.64875,139.23272,撮影 / 不明: 1
89,2025,6,5,4.0,0.0,0.0,35.64875,139.23272,撮影 / 不明: 1
90,2025,7,17,5.0,18.0,0.0,35.64875,139.23272,撮影 / 成獣: 1
91,2025,8,13,7.0,0.0,0.0,35.64875,139.23272,撮影 / 幼獣: 1
92,2024,5,30,7.0,0.0,0.0,35.64916,139.2205,撮影 / 不明: 1
93,2024,8,28,16.0,38.0,0.0,35.64916,139.2205,撮影 / 不明: 1
94,2023,6,14,19.0,10.0,0.0,35.649272,139.214115,撮影 / 不明: 1
95,2026,6,28,11.0,7.0,0.0,35.64932,139.220767,撮影 / 成獣: 1 / 幼獣: 1
96,2023,6,21,19.0,0.0,0.0,35.649729,139.243555,目撃 / 成獣: 1 / 幼獣: 1
97,2024,7,21,15.0,0.0,0.0,35.64974269,139.1004533,目撃 / 不明: 1
98,2024,6,19,12.0,30.0,0.0,35.64977,139.20816,痕跡
99,2026,7,8,15.0,30.0,0.0,35.649771,139.218846,撮影 / 成獣: 1
100,2023,7,20,,,,35.649773,139.211454,撮影 / 成獣: 1
101,2025,8,3,12.0,2.0,0.0,35.64983,139.21792,撮影 / 不明: 1
102,2025,8,14,16.0,57.0,0.0,35.64983,139.21792,撮影 / 不明: 1
103,2025,6,21,15.0,30.0,0.0,35.64985187,139.0933645,目撃 / 幼獣: 1
104,2023,6,15,7.0,27.0,0.0,35.649965,139.219372,撮影 / 不明: 1
105,2023,6,22,16.0,10.0,0.0,35.650034,139.220746,撮影 / 不明: 1
106,2025,6,2,1.0,23.0,0.0,35.65015,139.21883,撮影 / 幼獣: 1
107,2025,6,9,12.0,23.0,0.0,35.65031,139.22603,撮影
108,2025,6,22,10.0,37.0,0.0,35.65049,139.2258,撮影 / 幼獣: 1
109,2025,8,3,4.0,16.0,0.0,35.65049,139.2258,撮影 / 成獣: 1
110,2023,7,9,,,,35.650749,139.216218,撮影 / 成獣: 1
111,2023,5,1,13.0,0.0,0.0,35.650863,139.192743,痕跡
112,2024,6,26,2.0,43.0,0.0,35.6512804,139.2629352,撮影 / 不明: 1
113,2025,12,16,22.0,0.0,0.0,35.65136,139.11917,目撃 / 成獣: 1
114,2023,5,17,9.0,30.0,0.0,35.651386,139.193301,目撃 / 成獣: 1
115,2026,5,30,12.0,10.0,0.0,35.65204759,139.2566761,目撃 / 不明: 1
116,2025,7,21,19.0,0.0,0.0,35.6525,139.2527,目撃 / 幼獣: 1
117,2024,6,5,13.0,30.0,0.0,35.65352,139.2105,目撃 / 成獣: 1
118,2024,7,23,5.0,0.0,0.0,35.65375122,139.0938907,目撃 / 成獣: 1
119,2025,7,21,0.0,27.0,0.0,35.65486,139.2268,撮影 / 不明: 1
120,2026,5,22,19.0,50.0,0.0,35.65512,139.2264505,撮影 / 成獣: 1
121,2026,5,31,3.0,41.0,0.0,35.65512356,139.2264505,撮影 / 成獣: 1
122,2025,7,16,11.0,20.0,0.0,35.655679,139.237026,捕獲 / 成獣: 1
123,2024,5,24,10.0,2.0,0.0,35.655922,139.213563,目撃 / 成獣: 1
124,2024,5,27,10.0,0.0,0.0,35.655922,139.213563,目撃 / 成獣: 1
125,2025,7,21,0.0,22.0,0.0,35.65615,139.22406,撮影 / 成獣: 1
126,2025,7,31,20.0,8.0,0.0,35.65615,139.22406,撮影 / 成獣: 1
127,2025,6,6,10.0,54.0,0.0,35.65646,139.22714,撮影 / 不明: 1
128,2025,6,6,11.0,5.0,0.0,35.65646,139.22714,撮影 / 不明: 1
129,2025,6,10,17.0,26.0,0.0,35.65646,139.22714,撮影
130,2026,5,31,19.0,51.0,0.0,35.65686645,139.2275019,撮影 / 成獣: 1
131,2026,6,5,17.0,24.0,0.0,35.65686645,139.2275019,撮影 / 成獣: 1
132,2026,4,29,20.0,16.0,0.0,35.658331,139.27616,撮影 / 成獣: 1
133,2023,5,29,,,,35.658656,139.226131,痕跡
134,2023,5,17,11.0,0.0,0.0,35.658761,139.217033,目撃 / 不明: 1
135,2023,6,5,5.0,15.0,0.0,35.659179,139.227848,撮影 / 不明: 1
136,2023,5,3,9.0,25.0,0.0,35.66086755,139.1086851,目撃 / 不明: 1
137,2023,10,7,8.0,30.0,0.0,35.66182,139.192722,目撃 / 幼獣: 1
138,2023,7,6,,,,35.662535,139.167488,捕獲 / 成獣: 1
139,2024,6,8,10.0,30.0,0.0,35.6641425,139.0873375,目撃 / 不明: 1
140,2024,5,30,12.0,25.0,0.0,35.666393,139.195935,撮影 / 成獣: 1
141,2023,4,1,3.0,0.0,0.0,35.670214,139.231496,目撃 / 不明: 1
142,2025,9,26,10.0,15.0,0.0,35.670515,139.170026,捕獲 / 幼獣: 1
143,2024,11,4,16.0,0.0,0.0,35.67072474,139.089357,目撃 / 不明: 1
144,2024,7,30,19.0,0.0,0.0,35.671158,139.210472,目撃 / 成獣: 1
145,2023,5,11,14.0,30.0,0.0,35.67362294,139.0884579,目撃 / 幼獣: 1
146,2026,5,17,18.0,35.0,0.0,35.67450523,139.2249878,撮影 / 成獣: 1 / 幼獣: 1
147,2025,2,8,10.0,0.0,0.0,35.67715294,139.0926188,目撃 / 不明: 1
148,2026,6,7,20.0,20.0,0.0,35.67725216,139.2218268,痕跡 / 成獣: 1
149,2024,6,23,15.0,30.0,0.0,35.683503,139.229402,撮影 / 成獣: 1
150,2024,7,6,13.0,30.0,0.0,35.68464019,139.0496847,目撃 / 成獣: 1
151,2023,7,20,7.0,30.0,0.0,35.685387,139.13882,捕獲 / 成獣: 1
152,2023,7,24,7.0,0.0,0.0,35.68541665,139.0477989,目撃 / 幼獣: 1
153,2024,5,6,12.0,51.0,0.0,35.68574,139.1459,痕跡
154,2026,6,15,16.0,0.0,0.0,35.68771328,139.0326,目撃 / 幼獣: 1
155,2024,5,6,11.0,50.0,0.0,35.68814,139.1434,痕跡
156,2023,4,4,10.0,30.0,0.0,35.68822,139.173431,目撃 / 不明: 1
157,2026,8,25,20.0,0.0,0.0,35.689034,139.109098,目撃 / 不明: 1
158,2026,4,2,11.0,0.0,0.0,35.69138,139.20066,痕跡
159,2026,6,19,10.0,0.0,0.0,35.691745,139.200177,目撃 / 成獣: 1
160,2023,10,20,5.0,40.0,0.0,35.69291016,139.0264051,目撃 / 成獣: 1
161,2024,11,2,18.0,0.0,0.0,35.6930195,139.0491651,目撃 / 成獣: 1
162,2024,7,3,11.0,30.0,0.0,35.6934,139.19935,目撃 / 幼獣: 1
163,2026,4,9,13.0,0.0,0.0,35.69497,139.1906,痕跡
164,2023,7,25,7.0,0.0,0.0,35.69505802,139.0236502,目撃 / 成獣: 1
165,2025,10,15,9.0,0.0,0.0,35.697323,139.125513,目撃 / 成獣: 1
166,2023,10,17,15.0,30.0,0.0,35.69810027,139.0233245,目撃 / 成獣: 1
167,2026,1,7,12.0,55.0,0.0,35.69871,139.20009,痕跡
168,2025,12,1,8.0,20.0,0.0,35.6992,139.02636,目撃 / 幼獣: 2
169,2025,12,1,8.0,20.0,0.0,35.6992,139.02636,目撃 / 幼獣: 1
170,2023,11,10,18.0,30.0,0.0,35.70264,139.11097,目撃 / 成獣: 1 / 幼獣: 1
171,2024,8,20,11.0,30.0,0.0,35.70268,139.09197,目撃 / 不明: 2
172,2023,11,16,20.0,0.0,0.0,35.70271,139.13978,目撃 / 成獣: 1
173,2026,3,1,11.0,30.0,0.0,35.70486,139.11772,目撃 / 成獣: 1
174,2024,6,24,15.0,30.0,0.0,35.70559407,139.0122806,目撃 / 幼獣: 1
175,2024,7,6,14.0,0.0,0.0,35.7056,139.1442,目撃 / 成獣: 1 / 幼獣: 1
176,2026,8,12,6.0,30.0,0.0,35.705991,139.126058,痕跡
177,2023,8,18,10.0,50.0,0.0,35.706029,139.107342,目撃 / 成獣: 1
178,2023,11,13,7.0,30.0,0.0,35.71039,139.07298,目撃 / 成獣: 1
179,2025,9,22,11.0,30.0,0.0,35.71051,139.16285,目撃 / 幼獣: 2
180,2023,11,13,7.0,0.0,0.0,35.71077,139.09176,目撃 / 成獣: 1
181,2023,11,26,8.0,0.0,0.0,35.71098,139.09174,目撃 / 不明: 1
182,2023,10,14,15.0,0.0,0.0,35.71116748,139.0042221,目撃 / 成獣: 1 / 幼獣: 1
183,2024,7,5,23.0,21.0,0.0,35.711512,139.23575,撮影 / 成獣: 1
184,2024,7,6,3.0,56.0,0.0,35.711812,139.232575,撮影 / 成獣: 1
185,2025,9,6,20.0,0.0,0.0,35.71247,139.09008,目撃 / 幼獣: 1
186,2025,12,19,15.0,30.0,0.0,35.713179,139.07873,目撃 / 成獣: 1
187,2024,6,9,12.0,6.0,0.0,35.71352,139.10312,痕跡
188,2023,12,3,19.0,30.0,0.0,35.71399,139.08927,目撃 / 成獣: 1
189,2024,10,30,10.0,40.0,0.0,35.71511566294705,139.18199346576642,目撃 / 成獣: 1
190,2023,12,25,,,,35.71522,139.21204,痕跡
191,2024,1,2,15.0,15.0,0.0,35.71556,139.08487,目撃 / 成獣: 1
192,2026,8,25,12.0,0.0,0.0,35.71626,139.030123,目撃 / 不明: 1
193,2025,6,15,14.0,0.0,0.0,35.71652,139.03258,痕跡
194,2025,5,28,14.0,5.0,0.0,35.716772,139.083558,痕跡
195,2025,10,9,14.0,49.0,0.0,35.71704,139.03689,痕跡
196,2024,1,5,,,,35.71704,139.22351,痕跡
197,2023,11,19,16.0,45.0,0.0,35.71945,139.08182,目撃 / 成獣: 1
198,2023,8,18,11.0,34.0,0.0,35.720734,139.118156,目撃 / 不明: 1
199,2023,12,22,,,,35.72097,139.2105,痕跡
200,2024,7,24,22.0,20.0,0.0,35.72136,139.20267,目撃 / 幼獣: 1
201,2024,7,28,18.0,0.0,0.0,35.72136,139.20267,目撃 / 成獣: 1
202,2023,11,27,,,,35.72137,139.20415,痕跡
203,2026,4,12,7.0,30.0,0.0,35.721371,139.093748,目撃 / 不明: 1
204,2024,7,15,17.0,40.0,0.0,35.72158,139.1973,目撃 / 成獣: 1 / 幼獣: 2
205,2025,10,2,8.0,30.0,0.0,35.721701,139.065094,捕獲 / 成獣: 1
206,2025,10,11,9.0,15.0,0.0,35.721701,139.065094,目撃 / 成獣: 1
207,2023,11,19,9.0,30.0,0.0,35.72172,139.14645,目撃 / 成獣: 1
208,2025,6,9,22.0,40.0,0.0,35.722257,139.1468681,目撃 / 成獣: 1 / 幼獣: 1
209,2024,7,27,6.0,0.0,0.0,35.72276,139.20386,痕跡 / 不明: 1
210,2024,7,27,18.0,24.0,0.0,35.72276,139.20386,目撃 / 成獣: 1
211,2024,6,5,20.0,15.0,0.0,35.72299,139.17509,目撃 / 成獣: 1 / 幼獣: 2
212,2023,9,4,19.0,0.0,0.0,35.723079,139.237783,目撃 / 成獣: 1
213,2024,8,4,14.0,0.0,0.0,35.72329,139.14544,目撃 / 成獣: 1
214,2023,7,28,21.0,0.0,0.0,35.723312,139.074039,痕跡
215,2024,2,27,,,,35.72335,139.20434,痕跡
216,2026,5,23,13.0,50.0,0.0,35.723469,139.15432,目撃 / 不明: 1
217,2026,8,2,10.0,0.0,0.0,35.72395,139.068945,痕跡 / 成獣: 1
218,2025,8,13,21.0,0.0,0.0,35.72395,139.06897,目撃 / 成獣: 1
219,2023,11,11,9.0,15.0,0.0,35.72420841,138.9532615,目撃 / 成獣: 1
220,2025,11,28,9.0,40.0,0.0,35.72429,139.144898,目撃 / 成獣: 1
221,2024,7,31,6.0,15.0,0.0,35.7244,139.18069,目撃 / 幼獣: 1
222,2026,4,30,20.0,0.0,0.0,35.724632,139.146469,目撃 / 成獣: 1
223,2025,8,29,20.0,20.0,0.0,35.72499532,139.1813225,目撃 / 成獣: 1
224,2023,10,23,,,,35.7251,139.17546,目撃 / 成獣: 1
225,2024,1,15,,,,35.72554,139.23957,痕跡
226,2024,2,27,,,,35.72585,139.21502,痕跡
227,2023,11,3,7.0,30.0,0.0,35.726095,139.161469,目撃 / 成獣: 1 / 幼獣: 1
228,2025,11,18,21.0,20.0,0.0,35.72724511,139.2075939,目撃 / 幼獣: 1
229,2023,12,8,8.0,45.0,0.0,35.72771,139.04331,目撃 / 成獣: 1 / 幼獣: 1
230,2023,12,18,,,,35.72824,139.18367,痕跡
231,2024,4,14,12.0,0.0,0.0,35.7286,139.1879,痕跡 / 不明: 1
232,2023,11,1,,,,35.728768,139.060189,痕跡
233,2024,12,22,11.0,0.0,0.0,35.7292651257904,139.181566845195,目撃 / 不明: 3
234,2024,6,21,5.0,0.0,0.0,35.72928,139.20619,目撃 / 幼獣: 2
235,2024,11,4,14.0,30.0,0.0,35.72930638,139.1803454,目撃 / 不明: 1
236,2024,5,7,17.0,30.0,0.0,35.72999,139.19332,目撃 / 幼獣: 1
237,2024,6,22,18.0,50.0,0.0,35.73016,139.18696,目撃 / 幼獣: 2
238,2025,6,26,0.0,40.0,0.0,35.7301601,139.1390552,目撃 / 成獣: 1 / 幼獣: 1
239,2024,6,20,18.0,30.0,0.0,35.73022,139.2054,目撃 / 幼獣: 2
240,2024,11,11,9.0,0.0,0.0,35.73108787,138.9770112,目撃 / 幼獣: 1
241,2024,6,17,11.0,0.0,0.0,35.73109914,138.9769973,目撃 / 成獣: 1
242,2025,10,12,7.0,0.0,0.0,35.73125163,139.2209752,痕跡
243,2023,10,7,,,,35.73128,139.19227,目撃 / 不明: 1
244,2024,6,23,10.0,0.0,0.0,35.73138,139.1091,目撃 / 成獣: 1 / 幼獣: 1
245,2024,6,21,18.0,35.0,0.0,35.73139,139.20389,目撃 / 成獣: 1 / 幼獣: 2
246,2024,7,7,8.0,30.0,0.0,35.73151,139.20164,痕跡
247,2023,8,5,,,,35.73153,139.18103,撮影 / 成獣: 1 / 幼獣: 1
248,2026,8,20,10.0,0.0,0.0,35.731978,139.041413,目撃 / 不明: 1
249,2025,6,3,19.0,0.0,0.0,35.7320295542192,139.180896134103,痕跡
250,2023,9,5,9.0,0.0,0.0,35.732283,139.132383,目撃 / 成獣: 1
251,2024,6,18,20.0,30.0,0.0,35.73229,139.20285,目撃 / 成獣: 1 / 幼獣: 2
252,2024,7,3,6.0,30.0,0.0,35.73236,139.18148,目撃 / 成獣: 1 / 幼獣: 1
253,2024,7,4,6.0,0.0,0.0,35.73236,139.18148,目撃 / 成獣: 1 / 幼獣: 2
254,2024,7,4,19.0,20.0,0.0,35.73236,139.18148,目撃 / 幼獣: 1
255,2025,10,10,7.0,20.0,0.0,35.73238869,139.215666,目撃 / 成獣: 1
256,2023,11,15,,,,35.73262,139.24001,痕跡
257,2025,10,1,8.0,10.0,0.0,35.732881,139.123099,目撃 / 成獣: 1
258,2023,11,24,,,,35.73297,139.22219,痕跡
259,2025,8,14,20.0,40.0,0.0,35.73316511,139.2318669,目撃 / 幼獣: 1
260,2025,8,27,18.0,15.0,0.0,35.73318,139.14421,目撃 / 幼獣: 1
261,2024,9,12,19.0,0.0,0.0,35.7336187,139.1830717,目撃 / 幼獣: 1
262,2026,7,22,12.0,0.0,0.0,35.73362379,139.2346721,目撃 / 不明: 1
263,2024,7,3,8.0,30.0,0.0,35.73369,139.20889,目撃 / 幼獣: 1
264,2024,7,5,14.0,20.0,0.0,35.73369,139.20889,目撃 / 不明: 1
265,2025,12,19,21.0,30.0,0.0,35.73385392,139.2313074,目撃 / 不明: 1
266,2024,6,9,9.0,0.0,0.0,35.73404,139.2304,目撃 / 成獣: 1 / 幼獣: 2
267,2023,11,21,,,,35.73424,139.24945,痕跡
268,2025,11,25,9.0,30.0,0.0,35.7344,139.120042,目撃 / 成獣: 1
269,2024,7,5,4.0,0.0,0.0,35.73442,139.22675,目撃 / 不明: 1
270,2025,6,23,12.0,30.0,0.0,35.73449631,139.2152216,目撃 / 幼獣: 1
271,2023,8,7,4.0,49.0,0.0,35.734547,139.243555,撮影 / 成獣: 1
272,2025,10,20,5.0,20.0,0.0,35.73464273,139.224192,痕跡
273,2023,11,15,16.0,45.0,0.0,35.7347,139.2501,目撃 / 成獣: 1
274,2023,6,22,,,,35.734713,139.240379,撮影 / 成獣: 1
275,2023,11,13,15.0,45.0,0.0,35.73474,139.24156,目撃 / 成獣: 1
276,2024,7,21,8.0,0.0,0.0,35.73477,139.02604,目撃 / 不明: 1
277,2023,11,28,15.0,0.0,0.0,35.73482,139.23844,痕跡
278,2024,12,20,23.0,25.0,0.0,35.73486257,139.2304604648,目撃 / 幼獣: 1
279,2023,8,7,23.0,0.0,0.0,35.73493,139.18242,撮影 / 成獣: 1
280,2026,6,17,17.0,0.0,0.0,35.734948,138.972328,目撃 / 幼獣: 1
281,2023,11,17,16.0,45.0,0.0,35.73502,139.25047,痕跡
282,2025,10,8,14.0,0.0,0.0,35.73518123,139.2176173,痕跡
283,2025,5,8,18.0,58.0,0.0,35.7353360516435,139.235497877522,目撃 / 不明: 1
284,2023,9,2,18.0,0.0,0.0,35.735418,139.145322,目撃 / 成獣: 1
285,2023,7,16,17.0,45.0,0.0,35.735448,139.230412,目撃 / 成獣: 1
286,2023,11,28,4.0,24.0,0.0,35.73546,139.22791,目撃 / 成獣: 1
287,2023,10,18,18.0,30.0,0.0,35.73553,139.14736,目撃 / 成獣: 1
288,2025,8,20,13.0,20.0,0.0,35.73558,139.14576,目撃 / 成獣: 1 / 幼獣: 1
289,2024,8,2,10.0,0.0,0.0,35.73575439,139.1829966,痕跡 / 不明: 1
290,2023,12,19,10.0,30.0,0.0,35.7358,139.23007,目撃 / 不明: 1
291,2023,10,7,14.0,0.0,0.0,35.735801,139.147468,目撃 / 成獣: 1
292,2023,12,19,,,,35.73593,139.18211,撮影 / 成獣: 1 / 幼獣: 2
293,2023,8,15,,,,35.73594,139.18241,痕跡
294,2024,9,5,21.0,0.0,0.0,35.73605556,139.1833611,撮影 / 幼獣: 1
295,2025,10,6,17.0,0.0,0.0,35.73628141,139.2192332,目撃 / 成獣: 1
296,2024,6,7,7.0,30.0,0.0,35.73632,139.1013,目撃 / 成獣: 1
297,2026,6,18,6.0,10.0,0.0,35.736378,139.144568,目撃 / 成獣: 1
298,2024,9,14,2.0,20.0,0.0,35.73639595,139.1866552,痕跡 / 不明: 1
299,2026,5,24,0.0,30.0,0.0,35.73643212,139.2347711,目撃
300,2024,7,6,9.0,0.0,0.0,35.73655,139.18678,目撃 / 成獣: 1
301,2024,5,26,8.0,0.0,0.0,35.73669,139.22539,痕跡
302,2025,10,12,16.0,30.0,0.0,35.73681792,139.2193413,目撃 / 成獣: 1
303,2024,7,4,9.0,30.0,0.0,35.73682,139.22024,目撃 / 成獣: 1 / 幼獣: 2
304,2025,6,29,15.0,30.0,0.0,35.737,139.2192,目撃 / 成獣: 1
305,2025,7,1,8.0,30.0,0.0,35.7370588260876,139.219004049039,目撃 / 成獣: 1
306,2023,7,31,13.0,10.0,0.0,35.737081,139.23053,目撃 / 不明: 2
307,2024,5,25,6.0,0.0,0.0,35.73714,139.22603,目撃 / 成獣: 1 / 幼獣: 2
308,2024,7,30,20.0,55.0,0.0,35.73715971,139.2287382,目撃 / 成獣: 1
309,2024,7,8,21.0,0.0,0.0,35.73718,139.22917,目撃 / 成獣: 1
310,2025,11,6,8.0,45.0,0.0,35.73738976,139.2228977,目撃 / 不明: 1
311,2023,7,13,14.0,30.0,0.0,35.737412,139.200017,目撃 / 幼獣: 1
312,2024,6,11,8.0,10.0,0.0,35.73759,139.22852,目撃 / 幼獣: 1
313,2025,8,24,17.0,30.0,0.0,35.73769,139.14277,目撃 / 不明: 1
314,2025,7,16,22.0,5.0,0.0,35.73781419,139.2286002,目撃 / 幼獣: 1
315,2024,9,2,,,,35.7378904,139.1827358,目撃 / 成獣: 1
316,2024,6,9,10.0,30.0,0.0,35.73792,139.2245,捕獲 / 成獣: 1 / 幼獣: 1
317,2026,8,19,14.0,20.0,0.0,35.7379551,139.2109361,目撃 / 成獣: 1
318,2024,6,10,9.0,0.0,0.0,35.73797,139.0987,痕跡 / 不明: 1
319,2024,6,14,19.0,10.0,0.0,35.738027,139.142751,目撃 / 成獣: 1
320,2023,11,4,22.0,0.0,0.0,35.738028,139.144898,目撃 / 成獣: 1 / 幼獣: 2
321,2025,7,3,6.0,0.0,0.0,35.7381605,139.2217571,目撃 / 幼獣: 1
322,2023,12,18,21.0,45.0,0.0,35.73844,139.22866,目撃 / 不明: 1
323,2025,8,17,0.0,30.0,0.0,35.73856,139.11234,目撃 / 成獣: 1
324,2025,8,12,16.0,0.0,0.0,35.73888,139.08784,痕跡 / 不明: 1
325,2025,9,27,16.0,30.0,0.0,35.73891,139.14077,目撃 / 幼獣: 1
326,2025,6,5,7.0,15.0,0.0,35.7389943334189,139.229186140057,目撃 / 幼獣: 1
327,2026,4,18,19.0,40.0,0.0,35.73911,139.22791,痕跡
328,2023,10,20,8.0,0.0,0.0,35.739189,139.141738,目撃 / 成獣: 1
329,2025,12,3,13.0,10.0,0.0,35.739246,139.13954,目撃 / 成獣: 1
330,2023,11,30,,,,35.73926,139.22134,撮影 / 不明: 1
331,2024,6,11,11.0,0.0,0.0,35.73927,139.02949,痕跡
332,2024,6,3,17.0,10.0,0.0,35.73964,139.18914,目撃 / 成獣: 1
333,2024,6,12,,,,35.7398,139.22291,目撃 / 幼獣: 1
334,2025,6,5,7.0,15.0,0.0,35.73989,139.22961,目撃 / 成獣: 1
335,2024,7,16,18.0,20.0,0.0,35.74,139.08378,目撃 / 不明: 1
336,2025,5,29,20.0,40.0,0.0,35.740064,139.096436,痕跡 / 不明: 1
337,2025,7,31,6.0,0.0,0.0,35.74009836,139.2212472,目撃 / 不明: 1
338,2023,11,10,6.0,0.0,0.0,35.74017,139.08392,目撃 / 成獣: 1
339,2025,8,13,9.0,0.0,0.0,35.74018,139.07209,痕跡 / 不明: 1
340,2025,9,8,5.0,30.0,0.0,35.74021476,138.967515,目撃 / 成獣: 1
341,2025,11,8,4.0,0.0,0.0,35.74021476,138.967515,目撃 / 成獣: 1
342,2023,11,4,14.0,30.0,0.0,35.740306,139.082108,撮影 / 幼獣: 1
343,2024,8,8,10.0,25.0,0.0,35.7404,139.13502,目撃 / 幼獣: 1
344,2025,9,25,6.0,30.0,0.0,35.74041,139.0746,目撃 / 不明: 1
345,2025,10,29,17.0,0.0,0.0,35.74052836,139.2205006,目撃 / 幼獣: 1
346,2025,6,2,21.0,40.0,0.0,35.7405383,139.0669068,目撃 / 成獣: 1 / 幼獣: 2
347,2025,9,27,15.0,40.0,0.0,35.74054,139.0669,目撃 / 成獣: 1
348,2026,7,7,9.0,30.0,0.0,35.7407,139.0264,目撃 / 成獣: 1 / 幼獣: 2
349,2024,6,12,19.0,17.0,0.0,35.74071,139.2227,目撃 / 幼獣: 1
350,2023,7,31,13.0,15.0,0.0,35.740782,139.228835,目撃 / 成獣: 1 / 幼獣: 2
351,2025,6,14,23.0,40.0,0.0,35.7409642,139.1097604,撮影 / 成獣: 1
352,2025,5,24,15.0,55.0,0.0,35.740983,139.110363,目撃 / 成獣: 1
353,2024,7,5,9.0,0.0,0.0,35.74102,139.22566,目撃 / 不明: 1
354,2026,8,1,12.0,0.0,0.0,35.7411,139.1714,目撃 / 成獣: 1
355,2026,9,1,0.0,35.0,0.0,35.74113099,139.2836221,目撃 / 成獣: 1
356,2024,6,5,4.0,57.0,0.0,35.74129,139.139278,撮影 / 成獣: 1
357,2024,6,10,15.0,0.0,0.0,35.741294,139.139278,目撃 / 成獣: 1 / 幼獣: 1
358,2024,6,16,15.0,0.0,0.0,35.741294,139.139278,撮影 / 成獣: 1
359,2024,6,24,15.0,0.0,0.0,35.741294,139.139278,撮影 / 成獣: 1
360,2023,10,17,10.0,30.0,0.0,35.741296,139.145536,目撃 / 成獣: 1
361,2024,7,1,17.0,0.0,0.0,35.74144,139.1227,目撃 / 成獣: 1
362,2025,10,1,18.0,20.0,0.0,35.74149,139.122697,目撃 / 成獣: 1
363,2025,5,29,20.0,30.0,0.0,35.741599,139.107729,目撃 / 不明: 1
364,2024,6,21,8.0,10.0,0.0,35.741623,139.231108,目撃 / 幼獣: 1
365,2026,8,9,5.0,30.0,0.0,35.741679,139.077695,目撃 / 成獣: 1
366,2023,5,16,13.0,0.0,0.0,35.741706,139.155579,痕跡
367,2023,7,16,17.0,30.0,0.0,35.741719,139.228739,目撃 / 幼獣: 1
368,2026,3,21,9.0,10.0,0.0,35.7419292,139.1977858,目撃 / 不明: 1
369,2025,11,12,18.0,50.0,0.0,35.74196,139.22937,目撃 / 成獣: 1
370,2024,8,11,11.0,30.0,0.0,35.74222984,139.1687308,目撃 / 不明: 1
371,2024,1,4,,,,35.74229,139.06697,痕跡
372,2025,12,2,8.0,0.0,0.0,35.74229,139.26814,目撃 / 不明: 1
373,2026,4,24,13.0,30.0,0.0,35.742305,139.042013,目撃 / 成獣: 1
374,2025,6,5,16.0,45.0,0.0,35.7426,139.22855,目撃 / 幼獣: 1
375,2026,4,24,16.0,0.0,0.0,35.74281,139.035812,目撃 / 幼獣: 1
376,2024,6,15,19.0,15.0,0.0,35.74286,139.18882,目撃 / 成獣: 1
377,2025,6,5,16.0,25.0,0.0,35.74297,139.22643,目撃 / 幼獣: 1
378,2023,11,12,,,,35.74303,139.21025,痕跡
379,2025,12,3,13.0,55.0,0.0,35.743053,139.13417,目撃 / 成獣: 1
380,2025,11,27,16.0,10.0,0.0,35.743128,139.130545,目撃 / 成獣: 1
381,2024,11,30,13.0,0.0,0.0,35.74318697,139.2196358,目撃 / 成獣: 1
382,2025,9,7,,,,35.74383375,139.2023129,目撃 / 成獣: 1
383,2024,6,9,17.0,0.0,0.0,35.74393,139.18899,目撃 / 成獣: 1
384,2025,11,10,11.0,30.0,0.0,35.74413,139.22642,目撃 / 成獣: 1
385,2025,10,15,21.0,25.0,0.0,35.744132,139.247481,目撃 / 成獣: 1
386,2025,10,6,21.0,20.0,0.0,35.74431,139.22641,目撃 / 幼獣: 2
387,2024,6,13,7.0,30.0,0.0,35.7444,139.18893,目撃 / 成獣: 1 / 幼獣: 2
388,2024,6,17,19.0,0.0,0.0,35.7444,139.18893,目撃 / 成獣: 1
389,2025,12,8,15.0,0.0,0.0,35.744469,139.230384,目撃 / 不明: 1
390,2025,10,6,,,,35.74456,139.2284,痕跡
391,2025,8,12,19.0,0.0,0.0,35.74461,139.25241,目撃 / 成獣: 1
392,2023,6,8,,,,35.744662,139.027841,痕跡
393,2024,5,20,,,,35.74473,139.02537,痕跡
394,2025,10,26,7.0,10.0,0.0,35.74476,139.27067,目撃 / 成獣: 1
395,2026,7,30,20.0,48.0,0.0,35.7448,139.2111,目撃 / 成獣: 1
396,2024,9,7,12.0,20.0,0.0,35.74486286,139.1884847,目撃 / 不明: 1
397,2024,9,29,17.0,7.0,0.0,35.7450175142301,139.210973370881,目撃 / 成獣: 2
398,2025,10,28,4.0,50.0,0.0,35.74502,139.23724,目撃 / 幼獣: 1
399,2024,9,8,21.0,15.0,0.0,35.74502193,139.2113502,目撃 / 成獣: 2
400,2025,10,20,11.0,40.0,0.0,35.74546,139.24827,痕跡
401,2024,6,9,16.0,0.0,0.0,35.74547907,138.959853,目撃 / 成獣: 1
402,2025,10,26,17.0,5.0,0.0,35.74563,139.27499,目撃 / 成獣: 1
403,2024,6,17,18.0,40.0,0.0,35.74569,139.27571,目撃 / 不明: 1
404,2024,6,25,18.0,30.0,0.0,35.74585576,138.9584864,目撃 / 幼獣: 1
405,2025,11,18,10.0,10.0,0.0,35.74587,139.27688,目撃 / 不明: 1
406,2025,12,17,11.0,0.0,0.0,35.74588,139.23499,目撃 / 幼獣: 1
407,2025,7,4,7.0,40.0,0.0,35.7461,139.23558,目撃 / 成獣: 1
408,2025,7,31,18.0,50.0,0.0,35.746115,139.245091,目撃 / 成獣: 1
409,2024,7,8,11.0,59.0,0.0,35.7467,139.02402,痕跡
410,2025,8,8,0.0,0.0,0.0,35.74670739,138.959443,目撃 / 成獣: 1
411,2023,10,26,7.0,0.0,0.0,35.746726,139.227076,目撃 / 不明: 1
412,2024,6,24,7.0,30.0,0.0,35.74675456,138.9584215,目撃 / 幼獣: 1
413,2025,7,8,17.0,0.0,0.0,35.74686,139.23218,目撃 / 成獣: 1
414,2025,10,20,16.0,15.0,0.0,35.74742,139.23127,痕跡
415,2023,11,16,11.0,30.0,0.0,35.74788,139.22522,目撃 / 幼獣: 1
416,2025,11,28,9.0,58.0,0.0,35.748,139.148,痕跡
417,2024,7,25,14.0,8.0,0.0,35.74816,139.10143,痕跡
418,2024,6,15,19.0,30.0,0.0,35.74833,139.18428,目撃 / 成獣: 1 / 幼獣: 1
419,2025,11,18,8.0,0.0,0.0,35.7483385,139.3078016,目撃 / 不明: 1
420,2024,7,10,8.0,0.0,0.0,35.74834309,138.9599996,目撃 / 不明: 1
421,2025,11,9,22.0,0.0,0.0,35.74841,139.2589,痕跡 / 成獣: 1 / 不明: 1
422,2025,11,10,16.0,30.0,0.0,35.74841,139.2589,目撃 / 不明: 1
423,2024,8,26,7.0,30.0,0.0,35.74848146,139.2075134,目撃 / 成獣: 1
424,2025,7,24,22.0,10.0,0.0,35.74881,139.23397,目撃 / 成獣: 1
425,2024,6,19,18.0,30.0,0.0,35.74883,139.20786,目撃 / 成獣: 1
426,2024,7,2,17.0,0.0,0.0,35.74886,139.22754,目撃 / 不明: 1
427,2023,6,1,15.0,0.0,0.0,35.749107,139.225531,目撃 / 幼獣: 2
428,2025,11,28,10.0,3.0,0.0,35.74915,139.14801,痕跡
429,2026,2,2,16.0,50.0,0.0,35.74923,139.25643,目撃 / 不明: 1
430,2024,5,11,17.0,40.0,0.0,35.75041,139.19005,目撃 / 幼獣: 1
431,2025,10,23,,,,35.75077,139.24882,痕跡
432,2025,8,27,14.0,0.0,0.0,35.7509444,138.960194,目撃 / 成獣: 1 / 幼獣: 1
433,2025,8,16,,,,35.75098,139.26885,目撃 / 成獣: 1
434,2025,9,15,20.0,0.0,0.0,35.75122,139.24056,目撃 / 成獣: 1
435,2025,10,20,7.0,0.0,0.0,35.75157,139.24111,痕跡
436,2025,9,13,18.0,0.0,0.0,35.75168,139.24887,目撃 / 成獣: 1
437,2024,7,1,8.0,0.0,0.0,35.75212338,138.9536376,目撃 / 不明: 1
438,2023,12,6,,,,35.75216,139.18007,目撃 / 不明: 1
439,2026,6,14,8.0,0.0,0.0,35.752229,138.953184,痕跡 / 不明: 1
440,2024,11,15,19.0,0.0,0.0,35.75237,139.25064,目撃 / 不明: 1
441,2023,10,2,7.0,0.0,0.0,35.75298,139.22519,目撃 / 不明: 1
442,2024,8,27,5.0,50.0,0.0,35.75331048,139.1811225,目撃 / 不明: 1
443,2024,8,30,20.0,0.0,0.0,35.75331048,139.1811225,痕跡 / 不明: 1
444,2024,10,31,16.0,0.0,0.0,35.75336317,138.9452815,目撃 / 幼獣: 1
445,2023,12,2,15.0,15.0,0.0,35.75341,139.24481,目撃 / 不明: 1
446,2025,11,11,7.0,30.0,0.0,35.753611,139.2389,目撃 / 不明: 1
447,2024,10,20,,,,35.753748593069915,139.17907982830783,痕跡
448,2025,7,4,9.0,40.0,0.0,35.75386,139.23664,目撃 / 幼獣: 1
449,2025,9,30,,,,35.75395,139.25044,痕跡
450,2025,11,28,11.0,18.0,0.0,35.75455,139.1455,痕跡
451,2026,6,8,10.0,15.0,0.0,35.75489863,139.1714594,目撃 / 不明: 1
452,2025,8,10,21.0,30.0,0.0,35.75494,139.24675,目撃 / 成獣: 1
453,2024,10,18,14.0,10.0,0.0,35.7549550910887,139.179027763371,捕獲 / 成獣: 1
454,2025,11,28,11.0,25.0,0.0,35.75512,139.14472,痕跡
455,2025,6,27,0.0,0.0,0.0,35.75517264,138.9471043,目撃 / 成獣: 1
456,2026,6,1,6.0,0.0,0.0,35.7552,138.947078,痕跡
457,2024,6,14,10.0,0.0,0.0,35.755301,139.244763,目撃 / 不明: 1
458,2025,5,23,,,,35.75539,139.03443,痕跡
459,2025,11,16,16.0,30.0,0.0,35.75554,139.25378,目撃 / 成獣: 1
460,2025,5,22,11.0,0.0,0.0,35.75563,139.04886,痕跡
461,2025,11,30,12.0,8.0,0.0,35.75565,139.07261,痕跡
462,2025,11,4,8.0,30.0,0.0,35.7557,139.25375,目撃 / 成獣: 1
463,2025,11,28,11.0,34.0,0.0,35.75574,139.14202,痕跡
464,2025,10,10,5.0,30.0,0.0,35.75578,139.24223,目撃 / 成獣: 1
465,2025,10,12,1.0,30.0,0.0,35.75578,139.24223,目撃 / 成獣: 1
466,2025,10,17,19.0,30.0,0.0,35.75578,139.24223,目撃 / 成獣: 1
467,2024,7,4,13.0,11.0,0.0,35.75582,139.13786,痕跡
468,2024,7,8,11.0,22.0,0.0,35.7568,139.13257,痕跡
469,2024,7,8,11.0,23.0,0.0,35.757,139.13267,痕跡
470,2025,10,2,17.0,50.0,0.0,35.75703,139.2209,目撃 / 成獣: 1
471,2024,7,9,11.0,10.0,0.0,35.75704,139.07223,痕跡
472,2025,10,20,8.0,50.0,0.0,35.757041,139.241355,痕跡
473,2024,7,4,11.0,42.0,0.0,35.75717,139.13419,痕跡
474,2025,11,17,11.0,0.0,0.0,35.75733,139.25301,目撃 / 不明: 1
475,2025,11,21,9.0,0.0,0.0,35.757714,138.94429,目撃 / 成獣: 1
476,2025,10,19,18.0,40.0,0.0,35.757729,139.253045,目撃 / 成獣: 2
477,2025,7,4,11.0,55.0,0.0,35.75774,139.24136,目撃 / 成獣: 1
478,2023,12,11,,,,35.75787,139.27278,痕跡
479,2025,8,1,14.0,20.0,0.0,35.75797,139.2455,目撃 / 成獣: 1
480,2023,6,8,,,,35.757979,139.043419,痕跡
481,2024,5,24,7.0,0.0,0.0,35.7581,139.2176,目撃 / 不明: 1
482,2024,5,25,9.0,30.0,0.0,35.7581,139.2176,目撃 / 不明: 1
483,2024,7,8,12.0,40.0,0.0,35.75813,139.17078,目撃 / 成獣: 1
484,2024,9,7,17.0,0.0,0.0,35.75814,139.09051,目撃 / 幼獣: 1
485,2025,9,20,21.0,10.0,0.0,35.75816,139.24551,目撃 / 成獣: 1 / 幼獣: 2
486,2023,10,2,,,,35.758219,139.217291,痕跡
487,2024,6,9,,,,35.75823,139.27364,痕跡 / 成獣: 1
488,2026,7,23,8.0,30.0,0.0,35.758556,138.967861,目撃 / 幼獣: 1
489,2023,11,24,18.0,16.0,0.0,35.75858,139.02535,撮影 / 成獣: 1
490,2024,6,7,11.0,15.0,0.0,35.7588,139.135,痕跡
491,2024,7,12,15.0,0.0,0.0,35.7589768,138.959164,目撃 / 成獣: 1
492,2023,6,16,,,,35.759085,139.046316,痕跡
493,2023,11,28,7.0,0.0,0.0,35.75920805,138.9707965,目撃 / 成獣: 1
494,2025,11,18,11.0,30.0,0.0,35.75922,139.2533,目撃 / 不明: 1
495,2025,8,1,21.0,0.0,0.0,35.75933,139.23363,目撃 / 成獣: 1
496,2026,7,14,21.0,2.0,0.0,35.75959,139.0251965,撮影 / 不明: 1
497,2023,11,10,7.0,15.0,0.0,35.76003823,138.9702544,目撃 / 幼獣: 2
498,2023,11,7,16.0,40.0,0.0,35.76015426,138.9422401,目撃 / 成獣: 1 / 幼獣: 1
499,2024,5,31,7.0,0.0,0.0,35.76017717,138.9303541,目撃 / 不明: 1
500,2024,8,16,19.0,0.0,0.0,35.76018379,138.9302917,目撃 / 成獣: 1
501,2025,9,10,18.0,0.0,0.0,35.7603611,138.9769444,目撃 / 幼獣: 1
502,2025,7,8,17.0,0.0,0.0,35.76047,139.23205,目撃 / 幼獣: 1
503,2026,7,5,8.0,30.0,0.0,35.760782,138.93734,目撃 / 成獣: 1 / 幼獣: 2
504,2023,5,25,17.0,30.0,0.0,35.760826,139.28647,目撃 / 成獣: 1 / 幼獣: 1
505,2025,11,20,9.0,20.0,0.0,35.760828,138.937173,目撃 / 幼獣: 1
506,2026,9,7,1.0,8.0,0.0,35.76087166,139.0227161,撮影 / 不明: 1
507,2025,7,29,14.0,30.0,0.0,35.761084,139.253976,目撃 / 幼獣: 1
508,2025,8,25,8.0,45.0,0.0,35.76128,139.24902,目撃 / 幼獣: 1
509,2026,6,5,11.0,0.0,0.0,35.761342,139.050332,痕跡
510,2024,7,9,11.0,33.0,0.0,35.76135,139.06842,痕跡
511,2025,7,9,13.0,45.0,0.0,35.76145,139.23016,撮影 / 成獣: 1
512,2025,7,15,4.0,0.0,0.0,35.76145,139.23016,目撃 / 成獣: 1
513,2025,6,14,14.0,0.0,0.0,35.7615441,138.9861686,目撃 / 成獣: 1 / 幼獣: 1
514,2023,11,4,14.0,30.0,0.0,35.7616147,138.9360827,目撃 / 成獣: 1
515,2026,1,10,15.0,55.0,0.0,35.76171,139.29746,目撃 / 幼獣: 1
516,2025,10,23,13.0,55.0,0.0,35.76182,139.24857,目撃 / 幼獣: 1
517,2025,12,5,13.0,40.0,0.0,35.76202,139.12908,痕跡
518,2025,11,28,12.0,49.0,0.0,35.76203,139.12909,痕跡
519,2023,5,22,,,,35.76215,139.189138,痕跡
520,2025,8,10,5.0,10.0,0.0,35.762425,139.253418,目撃 / 成獣: 1
521,2023,11,24,10.0,30.0,0.0,35.76276,139.02368,痕跡
522,2026,5,27,10.0,30.0,0.0,35.76279534,139.0234371,痕跡
523,2025,7,12,12.0,55.0,0.0,35.76281,139.08689,痕跡
524,2024,6,25,14.0,54.0,0.0,35.76311,139.12945,痕跡
525,2024,6,10,10.0,30.0,0.0,35.76338118,138.9666488,目撃 / 幼獣: 1
526,2023,11,21,17.0,17.0,0.0,35.7634,139.02441,撮影 / 成獣: 1
527,2023,4,11,12.0,0.0,0.0,35.763455,139.180512,目撃 / 成獣: 1 / 不明: 1
528,2026,7,17,10.0,5.0,0.0,35.76347613,139.0254545,捕獲 / 成獣: 1
529,2025,5,25,15.0,0.0,0.0,35.76349,139.0222,痕跡
530,2024,7,5,5.0,40.0,0.0,35.76355,139.28848,目撃 / 成獣: 1
531,2026,6,11,23.0,31.0,0.0,35.76360885,139.0252379,撮影 / 不明: 1
532,2026,6,15,0.0,27.0,0.0,35.76360885,139.0252379,撮影 / 不明: 1
533,2023,6,14,9.0,10.0,0.0,35.76361864,138.9395581,目撃 / 幼獣: 1
534,2024,6,6,9.0,0.0,0.0,35.76364385,138.9401392,目撃 / 成獣: 1
535,2025,8,27,13.0,40.0,0.0,35.76381,139.20809,目撃 / 成獣: 1
536,2023,6,29,14.0,0.0,0.0,35.763995,139.253082,目撃 / 成獣: 1
537,2026,8,15,23.0,0.0,0.0,35.7639974,138.9377162,目撃 / 成獣: 1
538,2025,8,14,15.0,0.0,0.0,35.7640481,138.9376063,目撃 / 成獣: 1
539,2026,5,25,22.0,0.0,0.0,35.76405524,139.0226276,目撃 / 成獣: 1
540,2025,11,18,20.0,10.0,0.0,35.76423,139.2281,目撃 / 不明: 1
541,2024,7,21,11.0,36.0,0.0,35.76435,139.12877,痕跡
542,2026,7,9,7.0,40.0,0.0,35.764569,139.234318,痕跡
543,2024,5,26,0.0,45.0,0.0,35.7647,139.0241,撮影 / 成獣: 1
544,2024,5,26,,,,35.7647,139.0241,痕跡
545,2025,6,8,12.0,26.0,0.0,35.76491,139.12852,痕跡
546,2025,10,20,12.0,0.0,0.0,35.76493,139.27788,痕跡
547,2025,6,12,,,,35.76496,139.03621,痕跡
548,2024,6,4,13.0,0.0,0.0,35.76499757,139.2927728,痕跡
549,2025,8,7,18.0,30.0,0.0,35.76502,139.26793,目撃 / 成獣: 1
550,2025,8,7,15.0,30.0,0.0,35.76507,139.2662,目撃 / 成獣: 1
551,2025,4,25,13.0,5.0,0.0,35.76516667,139.1304444,目撃 / 幼獣: 1
552,2024,6,7,13.0,0.0,0.0,35.76520747,139.2809995,痕跡
553,2026,6,17,9.0,30.0,0.0,35.76524217,139.0240903,痕跡
554,2024,9,22,12.0,0.0,0.0,35.76531,139.13154,目撃 / 幼獣: 1
555,2024,6,7,10.0,30.0,0.0,35.76536,139.27429,痕跡
556,2026,6,5,16.0,5.0,0.0,35.76562077,139.0222096,目撃 / 不明: 2
557,2026,6,9,4.0,14.0,0.0,35.76576904,139.0235988,撮影 / 不明: 1
558,2026,6,12,1.0,27.0,0.0,35.76576904,139.0235988,撮影 / 不明: 1
559,2026,6,30,21.0,50.0,0.0,35.7658,139.0236,撮影 / 不明: 1
560,2025,10,20,11.0,55.0,0.0,35.76615,139.27599,痕跡
561,2024,7,7,19.0,3.0,0.0,35.76621,139.22522,目撃 / 成獣: 1 / 幼獣: 1
562,2023,11,19,20.0,54.0,0.0,35.76642,139.0223,撮影 / 成獣: 1
563,2026,6,9,2.0,54.0,0.0,35.76649044,139.0223485,撮影 / 不明: 1
564,2026,8,29,23.0,46.0,0.0,35.766543,139.022654,撮影 / 成獣: 1
565,2024,5,22,10.0,50.0,0.0,35.76658,139.02459,痕跡
566,2026,6,19,8.0,10.0,0.0,35.766794,139.02287,捕獲 / 成獣: 1
567,2025,6,8,12.0,42.0,0.0,35.76692,139.12741,痕跡
568,2025,5,22,2.0,12.0,0.0,35.76706,139.02276,撮影 / 不明: 1
569,2026,5,17,3.0,49.0,0.0,35.76719901,139.0223581,撮影 / 不明: 1
570,2023,11,24,2.0,17.0,0.0,35.76766,139.02256,撮影 / 成獣: 1
571,2023,11,24,20.0,50.0,0.0,35.76771,139.02273,撮影 / 成獣: 1
572,2026,6,13,13.0,30.0,0.0,35.76772598,139.0228578,痕跡
573,2023,10,19,15.0,30.0,0.0,35.767784,139.022638,痕跡
574,2026,9,4,5.0,45.0,0.0,35.767838,139.018576,目撃 / 成獣: 1
575,2024,6,4,12.0,30.0,0.0,35.76826,139.28808,目撃 / 成獣: 1
576,2024,2,17,14.0,45.0,0.0,35.76895,139.02986,捕獲 / 成獣: 1
577,2026,7,23,15.0,0.0,0.0,35.768972,138.931306,目撃 / 幼獣: 1
578,2023,12,10,16.0,45.0,0.0,35.76918,139.20643,目撃 / 幼獣: 2
579,2024,12,20,14.0,14.0,0.0,35.76972,139.14759,痕跡
580,2023,11,9,,,,35.76981,139.20732,痕跡
581,2023,9,15,13.0,30.0,0.0,35.76991,139.0225,痕跡
582,2023,10,1,,,,35.770093,139.022369,撮影
583,2023,8,25,11.0,10.0,0.0,35.770146,139.022005,痕跡
584,2026,6,5,10.0,0.0,0.0,35.77020214,139.0221358,痕跡 / 不明: 1
585,2025,8,4,18.0,30.0,0.0,35.77041,139.25927,目撃 / 成獣: 1
586,2024,7,22,13.0,46.0,0.0,35.77102,139.13653,痕跡
587,2025,10,30,16.0,30.0,0.0,35.771049,139.02433,目撃 / 成獣: 1
588,2025,7,28,18.0,15.0,0.0,35.77158,139.25972,目撃 / 成獣: 1
589,2025,8,20,8.0,50.0,0.0,35.77158,139.26741,目撃 / 成獣: 1
590,2024,6,26,15.0,1.0,0.0,35.77173,139.16396,痕跡
591,2025,6,8,11.0,8.0,0.0,35.77194,139.13873,痕跡
592,2024,6,30,13.0,1.0,0.0,35.77199,139.14218,痕跡
593,2024,7,6,11.0,35.0,0.0,35.77215,139.08319,痕跡
594,2025,1,16,12.0,0.0,0.0,35.77231,139.14103,痕跡
595,2026,6,24,14.0,30.0,0.0,35.772526,139.003968,目撃 / 成獣: 1
596,2024,6,16,12.0,40.0,0.0,35.7729,139.095,痕跡
597,2026,5,20,13.0,0.0,0.0,35.773003,139.091532,痕跡
598,2025,7,13,10.0,50.0,0.0,35.77311,139.26128,目撃 / 成獣: 1
599,2025,9,12,15.0,30.0,0.0,35.77344,139.10901,目撃 / 不明: 1
600,2025,7,21,5.0,5.0,0.0,35.7735,139.22,目撃 / 成獣: 1
601,2024,4,19,14.0,0.0,0.0,35.77411,139.16775,目撃 / 幼獣: 1
602,2024,10,16,21.0,10.0,0.0,35.7744539882648,139.2001061,目撃 / 不明: 3
603,2024,6,10,11.0,0.0,0.0,35.77475002,139.250404,目撃 / 不明: 1
604,2023,11,6,,,,35.77479,138.99618,目撃 / 成獣: 1
605,2024,1,16,14.0,30.0,0.0,35.7749047,139.2616487,目撃 / 成獣: 1 / 幼獣: 1
606,2023,11,1,,,,35.77553,139.01498,痕跡
607,2024,1,19,15.0,30.0,0.0,35.77569,139.16538,目撃 / 不明: 1
608,2025,6,17,13.0,46.0,0.0,35.7757,139.0777,痕跡 / 不明: 1
609,2023,11,14,16.0,50.0,0.0,35.77612,139.00206,目撃 / 幼獣: 1
610,2023,6,6,,,,35.776295,139.054105,痕跡
611,2024,6,10,,,,35.77632,139.03437,痕跡
612,2025,9,19,12.0,0.0,0.0,35.77657,139.2175,目撃 / 成獣: 1
613,2024,4,7,11.0,10.0,0.0,35.77718,138.9986,目撃 / 成獣: 1 / 幼獣: 2
614,2025,7,12,9.0,50.0,0.0,35.77719,139.09989,目撃 / 不明: 1
615,2023,7,3,10.0,30.0,0.0,35.777453,139.13734,目撃 / 成獣: 1
616,2024,6,29,14.0,4.0,0.0,35.77808,139.14437,痕跡
617,2025,1,5,,,,35.77812,139.13657,痕跡
618,2024,6,26,10.0,44.0,0.0,35.77834,139.163,痕跡
619,2025,10,19,6.0,0.0,0.0,35.77837,139.23261,目撃 / 成獣: 1
620,2024,7,6,13.0,41.0,0.0,35.77867,139.08037,痕跡
621,2024,6,25,11.0,7.0,0.0,35.77883,139.10344,痕跡
622,2026,6,7,11.0,0.0,0.0,35.77893,139.10465,痕跡
623,2024,10,14,13.0,53.0,0.0,35.77894,139.10436,痕跡
624,2023,7,17,9.0,45.0,0.0,35.779124,139.168239,目撃 / 幼獣: 1
625,2025,7,24,15.0,30.0,0.0,35.77925,139.1706,目撃 / 成獣: 1
626,2025,5,24,10.0,0.0,0.0,35.77933,138.99904,捕獲 / 成獣: 1
627,2025,6,17,10.0,14.0,0.0,35.7795,139.0854,痕跡 / 不明: 1
628,2023,8,11,,,,35.779594,139.098587,痕跡
629,2025,11,9,9.0,30.0,0.0,35.77974321,138.9794641,目撃 / 成獣: 1
630,2023,11,18,8.0,40.0,0.0,35.77976,139.14175,目撃 / 不明: 1
631,2025,6,8,13.0,0.0,0.0,35.78011,139.14505,目撃 / 不明: 1
632,2025,4,22,14.0,0.0,0.0,35.78031,139.22142,目撃 / 成獣: 1
633,2024,6,30,13.0,42.0,0.0,35.78047,139.14562,痕跡
634,2024,7,7,9.0,56.0,0.0,35.78057,139.1021,痕跡
635,2025,11,6,13.0,30.0,0.0,35.7806,139.2202,目撃 / 成獣: 1
636,2024,10,14,13.0,17.0,0.0,35.78078,139.10163,痕跡
637,2025,12,15,10.0,50.0,0.0,35.78079,139.22324,目撃 / 成獣: 1
638,2024,5,23,,,,35.78152,139.1594,痕跡
639,2023,11,15,,,,35.78169,139.05794,痕跡
640,2024,12,28,11.0,0.0,0.0,35.78175,139.16071,目撃 / 不明: 1
641,2024,5,17,13.0,45.0,0.0,35.78176,139.21489,目撃 / 成獣: 1
642,2024,7,15,12.0,50.0,0.0,35.78255,139.02902,痕跡
643,2024,5,29,,,,35.78273,139.1584,痕跡
644,2024,9,6,13.0,20.0,0.0,35.78334,139.05872,目撃 / 幼獣: 1
645,2025,6,1,,,,35.78341,139.14219,目撃
646,2024,12,28,11.0,40.0,0.0,35.78368,139.15526,目撃 / 成獣: 1
647,2023,9,13,,,,35.78372,139.150815,痕跡
648,2025,9,28,7.0,25.0,0.0,35.78384,139.22665,目撃 / 成獣: 1
649,2026,5,20,13.0,0.0,0.0,35.78384772,139.0976606,痕跡
650,2024,5,29,,,,35.78456,139.1761,痕跡
651,2025,11,15,,,,35.78496,139.04265,目撃 / 不明: 2
652,2025,11,6,6.0,30.0,0.0,35.78496791,138.970035,目撃 / 幼獣: 1
653,2024,7,15,10.0,25.0,0.0,35.78551,139.02409,痕跡
654,2024,5,27,14.0,24.0,0.0,35.78556,139.0241,痕跡
655,2024,7,9,11.0,33.0,0.0,35.78574,139.14828,痕跡
656,2024,5,29,,,,35.78587,139.1782,痕跡
657,2026,6,17,11.0,55.0,0.0,35.78589872,138.966533,目撃 / 成獣: 1
658,2024,7,9,17.0,0.0,0.0,35.7859984,138.9729672,目撃 / 成獣: 1
659,2026,7,9,11.0,20.0,0.0,35.786028,138.94846,目撃 / 成獣: 1
660,2026,7,21,9.0,35.0,0.0,35.78602815794544,138.9484691400022,目撃 / 不明: 1
661,2026,5,7,13.0,43.0,0.0,35.786364,139.040483,目撃 / 成獣: 1
662,2025,6,2,23.0,30.0,0.0,35.78671,139.04242,目撃 / 成獣: 1 / 幼獣: 1
663,2024,5,29,,,,35.78673,139.1804,痕跡
664,2024,7,15,12.0,11.0,0.0,35.78689,139.02347,痕跡
665,2023,5,21,,,,35.78701,139.141674,目撃 / 成獣: 1
666,2025,9,30,6.0,30.0,0.0,35.78713,139.23862,目撃 / 成獣: 1 / 幼獣: 1
667,2024,5,27,14.0,2.0,0.0,35.78724,139.0235,痕跡
668,2024,11,18,19.0,45.0,0.0,35.787267,139.044385,目撃 / 成獣: 1
669,2026,8,5,17.0,0.0,0.0,35.78739842,138.9119906,痕跡
670,2023,9,28,5.0,45.0,0.0,35.787471,139.050951,目撃 / 不明: 1
671,2025,10,23,9.0,20.0,0.0,35.78795317,138.9281596,目撃 / 幼獣: 1
672,2026,6,16,15.0,0.0,0.0,35.78816,139.0378,痕跡
673,2023,7,24,,,,35.788354,139.053526,撮影 / 成獣: 1 / 幼獣: 1
674,2023,7,23,,,,35.788546,139.053183,撮影 / 成獣: 1 / 幼獣: 1
675,2023,7,14,15.0,0.0,0.0,35.78872,139.052989,目撃 / 成獣: 1
676,2023,8,8,22.0,0.0,0.0,35.788998,139.053794,目撃 / 成獣: 1
677,2026,7,3,12.0,30.0,0.0,35.78902761,138.94183,目撃 / 幼獣: 1
678,2023,11,20,6.0,30.0,0.0,35.78908,139.05173,目撃 / 幼獣: 1
679,2024,3,24,11.0,0.0,0.0,35.78936,139.05315,目撃 / 不明: 1
680,2024,6,17,,,,35.78937,139.0417,痕跡
681,2023,5,20,,,,35.789373,139.07993,痕跡
682,2023,8,8,17.0,10.0,0.0,35.789488,139.079758,目撃 / 成獣: 1
683,2025,5,23,23.0,50.0,0.0,35.78955,139.15367,目撃 / 不明: 1
684,2025,5,24,23.0,30.0,0.0,35.78968,139.15342,目撃 / 成獣: 1
685,2024,6,14,14.0,24.0,0.0,35.7898,139.0366,痕跡
686,2025,8,24,17.0,30.0,0.0,35.78981,139.15351,目撃 / 成獣: 1
687,2025,9,12,17.0,30.0,0.0,35.78982,139.043849,目撃 / 成獣: 1
688,2024,7,2,14.0,0.0,0.0,35.78983,139.05305,目撃 / 幼獣: 1
689,2024,10,14,15.0,0.0,0.0,35.78984,139.05562,目撃 / 成獣: 1
690,2023,11,1,13.0,0.0,0.0,35.78993,139.05541,目撃 / 成獣: 1
691,2024,8,22,15.0,10.0,0.0,35.78995,139.04311,目撃 / 不明: 1
692,2024,6,9,10.0,0.0,0.0,35.79,139.054,目撃 / 幼獣: 1
693,2024,7,9,12.0,19.0,0.0,35.79001,139.13254,痕跡
694,2025,9,25,13.0,0.0,0.0,35.790245,139.042267,目撃 / 成獣: 1 / 幼獣: 1
695,2024,6,8,14.0,40.0,0.0,35.79068,139.0558,目撃 / 不明: 1
696,2024,9,21,15.0,0.0,0.0,35.79076,139.05592,目撃 / 幼獣: 1
697,2024,10,15,21.0,30.0,0.0,35.790911,139.044572,目撃 / 成獣: 1
698,2024,6,9,13.0,0.0,0.0,35.790964,139.052781,目撃 / 幼獣: 1
699,2026,7,19,14.0,50.0,0.0,35.79116,139.055982,目撃 / 幼獣: 1
700,2024,6,8,11.0,0.0,0.0,35.791233,139.055291,目撃 / 幼獣: 1
701,2025,9,8,17.0,25.0,0.0,35.79144,139.25672,目撃 / 成獣: 1
702,2025,12,9,7.0,20.0,0.0,35.79144,139.26115,目撃 / 成獣: 1
703,2023,6,20,10.0,10.0,0.0,35.791453,139.077827,目撃 / 成獣: 1
704,2024,5,27,7.0,0.0,0.0,35.79147874,139.2118622,目撃 / 不明: 1
705,2023,11,5,5.0,0.0,0.0,35.791535,139.213514,目撃 / 成獣: 1
706,2023,6,22,8.0,35.0,0.0,35.791568,139.079511,捕獲 / 成獣: 1
707,2023,11,27,10.0,0.0,0.0,35.79168,139.24337,痕跡
708,2026,6,24,9.0,0.0,0.0,35.7917378,138.9282807,目撃 / 成獣: 1
709,2023,9,24,13.0,30.0,0.0,35.791744,139.101162,目撃 / 成獣: 1
710,2026,8,25,6.0,20.0,0.0,35.791753,139.249013,目撃 / 成獣: 1
711,2024,6,27,14.0,30.0,0.0,35.79188,139.061931,目撃 / 不明: 1
712,2024,7,2,14.0,30.0,0.0,35.79188,139.061931,目撃 / 幼獣: 1
713,2024,6,27,13.0,0.0,0.0,35.79189,139.05128,目撃 / 成獣: 1
714,2024,6,27,7.0,30.0,0.0,35.79194,139.05138,目撃 / 幼獣: 1
715,2024,6,21,10.0,40.0,0.0,35.792,139.05,目撃 / 幼獣: 1
716,2024,9,12,13.0,50.0,0.0,35.79205,139.05039,目撃 / 幼獣: 1
717,2024,6,1,14.0,33.0,0.0,35.79207,139.13038,痕跡
718,2025,12,1,7.0,3.0,0.0,35.79222,139.15738,目撃 / 不明: 1
719,2025,10,6,9.0,30.0,0.0,35.79228,139.2425,痕跡
720,2025,9,6,7.0,0.0,0.0,35.79231,139.20898,目撃 / 成獣: 1
721,2024,9,5,13.0,0.0,0.0,35.79232,139.06276,目撃 / 成獣: 1
722,2024,6,14,14.0,12.0,0.0,35.7924,139.0356,痕跡
723,2024,11,23,14.0,25.0,0.0,35.79252,139.02701,痕跡
724,2024,4,29,14.0,0.0,0.0,35.79265,139.04596,目撃 / 不明: 1
725,2026,6,2,11.0,0.0,0.0,35.792692,138.985818,痕跡
726,2025,11,28,20.0,45.0,0.0,35.792742,139.048847,目撃 / 幼獣: 1
727,2024,7,11,7.0,30.0,0.0,35.79279,139.04898,目撃 / 成獣: 1 / 幼獣: 2
728,2024,12,11,0.0,15.0,0.0,35.79288,139.04576,目撃 / 成獣: 2
729,2026,8,18,7.0,50.0,0.0,35.79293,139.0465,目撃 / 成獣: 1
730,2024,7,26,11.0,20.0,0.0,35.793,139.049,目撃 / 幼獣: 1
731,2024,6,7,17.0,45.0,0.0,35.79301,139.0555788,目撃 / 成獣: 1
732,2024,8,18,6.0,0.0,0.0,35.79315872,138.9157949,目撃 / 成獣: 1 / 幼獣: 1
733,2026,8,2,18.0,35.0,0.0,35.7932556,138.9176914,目撃 / 不明: 1
734,2026,5,4,14.0,30.0,0.0,35.79347,139.05561,目撃 / 不明: 1
735,2024,12,20,,,,35.79362,139.06334,目撃 / 不明: 2
736,2025,10,14,16.0,30.0,0.0,35.79365,139.073228,目撃 / 成獣: 1 / 幼獣: 1
737,2026,8,12,10.0,10.0,0.0,35.793759,139.072543,目撃 / 成獣: 1
738,2024,5,27,20.0,35.0,0.0,35.79382,139.056688,目撃 / 不明: 1
739,2024,7,24,20.0,45.0,0.0,35.794,139.057,目撃 / 成獣: 1
740,2024,7,24,0.0,20.0,0.0,35.79409,139.05574,目撃 / 成獣: 1 / 幼獣: 1
741,2024,7,24,19.0,40.0,0.0,35.79409,139.05574,目撃 / 成獣: 1 / 幼獣: 1
742,2023,6,25,,,,35.794111,139.147854,痕跡
743,2024,7,30,6.0,15.0,0.0,35.794116,139.055796,捕獲 / 成獣: 1
744,2024,8,5,17.0,15.0,0.0,35.794116,139.055796,捕獲 / 成獣: 1
745,2024,8,6,7.0,55.0,0.0,35.794116,139.055796,捕獲 / 成獣: 1
746,2024,7,28,3.0,0.0,0.0,35.7941421,138.9146422,目撃 / 成獣: 1
747,2026,8,29,21.0,30.0,0.0,35.7941696711587,138.90259558643132,目撃 / 成獣: 1
748,2024,7,30,7.0,0.0,0.0,35.79420143,138.9016222,目撃 / 成獣: 1
749,2024,8,11,7.0,0.0,0.0,35.79420143,138.9016222,目撃 / 成獣: 1
750,2026,7,22,10.0,30.0,0.0,35.79432034,138.9920822,捕獲 / 成獣: 1
751,2023,10,20,,,,35.79439,139.04758,目撃 / 幼獣: 1
752,2024,9,17,8.0,45.0,0.0,35.79446,139.004067,目撃 / 成獣: 1
753,2024,9,18,8.0,10.0,0.0,35.79446,139.004067,目撃 / 成獣: 1
754,2024,9,19,8.0,45.0,0.0,35.79446,139.004067,目撃 / 成獣: 1
755,2024,10,6,,,,35.79446,139.004067,痕跡
756,2023,6,21,,,,35.794546,139.167681,痕跡
757,2024,9,21,6.0,50.0,0.0,35.794598,139.004204,捕獲 / 成獣: 1
758,2024,6,28,16.0,0.0,0.0,35.79462014,138.913561,目撃 / 成獣: 1
759,2025,4,11,8.0,0.0,0.0,35.79467,139.06711,目撃 / 不明: 1
760,2024,9,23,6.0,10.0,0.0,35.794757,139.004052,捕獲 / 成獣: 1
761,2024,7,7,8.0,15.0,0.0,35.7948735,139.1077656,目撃 / 成獣: 1 / 幼獣: 2
762,2025,8,10,6.0,30.0,0.0,35.794886,139.04832,目撃 / 成獣: 1
763,2026,8,9,7.0,0.0,0.0,35.79508061,138.9152161,痕跡
764,2026,6,19,11.0,0.0,0.0,35.795135,139.005855,痕跡
765,2025,7,19,18.0,0.0,0.0,35.79517317,138.9165,目撃 / 成獣: 1
766,2024,3,18,14.0,0.0,0.0,35.79525,139.25684,目撃 / 成獣: 1
767,2025,8,7,18.0,30.0,0.0,35.79530122,138.9132344,目撃 / 成獣: 1
768,2025,11,15,15.0,30.0,0.0,35.79536239,138.9131565,目撃 / 幼獣: 1
769,2024,7,21,20.0,35.0,0.0,35.79537,139.05711,目撃 / 成獣: 1 / 幼獣: 1
770,2024,6,29,13.0,15.0,0.0,35.79549,139.02837,目撃 / 不明: 1
771,2023,6,6,,,,35.795504,139.168539,痕跡
772,2026,7,18,11.0,0.0,0.0,35.79556619,138.9144476,目撃 / 成獣: 1
773,2023,7,22,16.0,0.0,0.0,35.795669,139.045243,目撃 / 成獣: 1
774,2025,12,1,6.0,0.0,0.0,35.79569,139.16109,目撃 / 成獣: 1
775,2026,5,21,7.0,0.0,0.0,35.795763,138.995019,痕跡
776,2025,11,23,7.0,10.0,0.0,35.79584,139.25458,目撃 / 成獣: 1
777,2024,4,26,14.0,30.0,0.0,35.79592,139.19354,目撃 / 不明: 1
778,2024,1,8,14.0,0.0,0.0,35.79605,139.04407,目撃 / 成獣: 1
779,2024,4,15,14.0,30.0,0.0,35.79622,139.0768,痕跡
780,2025,6,8,5.0,0.0,0.0,35.79661,139.07649,撮影
781,2025,6,18,5.0,0.0,0.0,35.79661,139.07649,撮影 / 不明: 1
782,2024,8,26,18.0,10.0,0.0,35.7967,139.22361,目撃 / 成獣: 1 / 幼獣: 2
783,2024,5,29,14.0,0.0,0.0,35.79673,138.99227,捕獲 / 成獣: 1
784,2023,8,18,12.0,0.0,0.0,35.796757,139.233513,目撃 / 成獣: 1
785,2026,6,9,5.0,41.0,0.0,35.79694444,139.0766667,撮影 / 不明: 1
786,2025,7,7,9.0,30.0,0.0,35.79704,139.24823,目撃 / 成獣: 1
787,2025,9,1,5.0,50.0,0.0,35.79715,139.07689,撮影 / 不明: 1
788,2023,11,9,7.0,45.0,0.0,35.79717,139.04951,目撃 / 成獣: 1
789,2024,3,17,13.0,40.0,0.0,35.79755,139.26261,目撃 / 成獣: 1
790,2026,4,19,12.0,20.0,0.0,35.7977,139.09872,目撃 / 不明: 1
791,2024,6,12,20.0,30.0,0.0,35.79789,139.11409,目撃 / 成獣: 1 / 幼獣: 2
792,2024,6,16,20.0,30.0,0.0,35.79789,139.11409,目撃 / 成獣: 1 / 幼獣: 2
793,2025,11,2,15.0,30.0,0.0,35.79814,139.21337,目撃 / 成獣: 1
794,2024,6,25,7.0,30.0,0.0,35.79815,139.21114,目撃 / 成獣: 1 / 幼獣: 2
795,2026,4,29,7.0,30.0,0.0,35.79851,139.09896,目撃 / 不明: 1
796,2024,7,5,8.0,50.0,0.0,35.79854,139.18085,目撃 / 成獣: 1
797,2023,7,29,8.0,25.0,0.0,35.798573,139.039208,捕獲 / 成獣: 1
798,2025,5,12,8.0,0.0,0.0,35.79868,139.17369,痕跡
799,2024,6,19,,,,35.79869,139.07526,痕跡
800,2026,6,10,11.0,30.0,0.0,35.798729,139.008109,痕跡
801,2026,6,10,12.0,0.0,0.0,35.798729,139.008109,痕跡
802,2025,6,25,0.0,15.0,0.0,35.79879,139.17618,目撃 / 成獣: 1 / 幼獣: 1
803,2025,8,5,9.0,30.0,0.0,35.79885,139.17679,目撃 / 成獣: 1
804,2025,9,24,8.0,10.0,0.0,35.79897,139.1786,目撃 / 成獣: 1
805,2024,6,21,4.0,30.0,0.0,35.799,139.18219,目撃 / 不明: 1
806,2025,10,20,9.0,15.0,0.0,35.799064,138.998711,捕獲 / 成獣: 1
807,2026,6,5,2.0,5.0,0.0,35.79913045517423,139.26011072844142,撮影 / 成獣: 1
808,2025,11,25,,,,35.79917,139.10582,捕獲 / 成獣: 1
809,2025,11,26,6.0,30.0,0.0,35.79917,139.10582,捕獲 / 成獣: 1
810,2024,5,21,19.0,45.0,0.0,35.79942,139.11495,目撃 / 成獣: 1 / 幼獣: 2
811,2026,7,20,13.0,30.0,0.0,35.79954,139.104536,目撃 / 成獣: 1
812,2025,5,18,4.0,45.0,0.0,35.79961,139.11485,捕獲 / 成獣: 1
813,2026,7,12,19.0,0.0,0.0,35.799659,139.114852,目撃 / 成獣: 1
814,2025,7,16,20.0,40.0,0.0,35.79971,139.18416,目撃 / 成獣: 1
815,2025,3,1,9.0,0.0,0.0,35.799808,139.03655,捕獲 / 成獣: 1
816,2024,11,6,,,,35.79988626,139.264668,目撃 / 成獣: 1
817,2023,7,4,16.0,0.0,0.0,35.799924,139.260292,撮影 / 成獣: 1
818,2025,12,22,12.0,25.0,0.0,35.800153,139.107438,目撃 / 幼獣: 1
819,2025,10,31,14.0,45.0,0.0,35.80016,139.25582,目撃 / 成獣: 1
820,2025,8,24,22.0,0.0,0.0,35.80035,139.17855,目撃 / 成獣: 1
821,2025,11,9,0.0,0.0,0.0,35.800588,139.117032,目撃 / 成獣: 1
822,2026,8,4,2.0,0.0,0.0,35.8008,139.1698,撮影 / 幼獣: 1
823,2024,9,14,,,,35.80091,139.13573,目撃 / 不明: 1
824,2025,7,3,,,,35.80116,139.18001,目撃 / 幼獣: 1
825,2025,7,1,10.0,0.0,0.0,35.8012,139.18308,目撃 / 幼獣: 1
826,2025,7,1,16.0,30.0,0.0,35.8012,139.18308,目撃 / 幼獣: 1
827,2025,7,4,16.0,0.0,0.0,35.8012,139.18308,目撃 / 幼獣: 1
828,2025,7,6,5.0,0.0,0.0,35.8012,139.18308,目撃 / 幼獣: 1
829,2025,7,1,9.0,30.0,0.0,35.80124,139.18366,目撃 / 不明: 1
830,2025,7,4,15.0,45.0,0.0,35.80124,139.18366,目撃 / 不明: 1
831,2026,8,27,8.0,30.0,0.0,35.801279,139.266583,痕跡
832,2025,7,1,17.0,30.0,0.0,35.80129,139.1785,目撃 / 成獣: 1
833,2023,9,2,8.0,0.0,0.0,35.80172,138.98888,捕獲 / 成獣: 1
834,2024,8,12,18.0,50.0,0.0,35.8018,138.99962,目撃 / 成獣: 1
835,2025,8,6,9.0,0.0,0.0,35.80193,139.2041,目撃 / 成獣: 1
836,2025,6,5,23.0,30.0,0.0,35.80199,139.17356,撮影 / 成獣: 1
837,2025,8,25,0.0,30.0,0.0,35.80206,139.17636,目撃 / 成獣: 1
838,2026,8,29,9.0,50.0,0.0,35.802088,139.001039,捕獲 / 成獣: 1
839,2026,6,1,19.0,20.0,0.0,35.802216,138.998945,撮影 / 不明: 1
840,2024,7,6,7.0,30.0,0.0,35.80236,139.23019,目撃 / 成獣: 1
841,2025,11,10,8.0,30.0,0.0,35.80237,139.19439,目撃 / 成獣: 1
842,2025,9,2,12.0,30.0,0.0,35.80254,139.19555,目撃 / 成獣: 1
843,2024,7,31,5.0,0.0,0.0,35.80257,139.25687,目撃 / 成獣: 1
844,2024,7,14,5.0,0.0,0.0,35.80278,139.19996,目撃 / 成獣: 1 / 幼獣: 2
845,2024,7,14,20.0,30.0,0.0,35.80278,139.19996,目撃 / 成獣: 1 / 幼獣: 2
846,2024,7,20,5.0,10.0,0.0,35.80278,139.19996,目撃 / 成獣: 1 / 幼獣: 2
847,2026,5,18,8.0,0.0,0.0,35.802901,139.174782,目撃 / 成獣: 1
848,2024,6,4,12.0,0.0,0.0,35.80311717,139.2007517,痕跡
849,2024,5,29,10.0,30.0,0.0,35.80392,139.11871,目撃 / 不明: 1
850,2025,9,3,11.0,30.0,0.0,35.80395,139.19434,目撃 / 成獣: 1
851,2026,8,9,7.0,30.0,0.0,35.80396036,139.1757828,撮影 / 成獣: 1
852,2025,11,29,7.0,30.0,0.0,35.80399,139.10172,目撃 / 成獣: 1
853,2025,5,3,14.0,37.0,0.0,35.80417,139.06875,撮影 / 幼獣: 1
854,2026,5,13,9.0,20.0,0.0,35.804344,139.109835,目撃 / 幼獣: 1
855,2024,7,13,9.0,30.0,0.0,35.80492,139.07583,捕獲 / 成獣: 1
856,2025,10,31,6.0,30.0,0.0,35.80513,139.25806,目撃 / 成獣: 1
857,2023,6,20,,,,35.805215,139.151459,痕跡
858,2023,6,9,,,,35.805319,139.05756,痕跡
859,2023,7,16,14.0,30.0,0.0,35.805358,139.097321,目撃 / 不明: 1
860,2025,7,1,3.0,15.0,0.0,35.805471,139.099258,目撃 / 成獣: 1
861,2025,10,26,6.0,0.0,0.0,35.805659,139.100453,目撃 / 成獣: 1
862,2023,6,8,8.0,0.0,0.0,35.805728,139.086678,目撃 / 幼獣: 1
863,2025,12,27,9.0,0.0,0.0,35.806159,139.096386,目撃 / 幼獣: 1
864,2025,5,22,13.0,47.0,0.0,35.80618,139.15364,痕跡
865,2026,7,5,11.0,30.0,0.0,35.8062,139.2795,目撃 / 成獣: 1
866,2025,5,20,9.0,25.0,0.0,35.8063,139.08622,目撃 / 幼獣: 1
867,2025,5,23,10.0,40.0,0.0,35.8063,139.08622,目撃 / 幼獣: 1
868,2023,8,1,10.0,30.0,0.0,35.806326,139.006662,捕獲 / 成獣: 1
869,2025,11,27,9.0,15.0,0.0,35.80639,139.09632,目撃 / 幼獣: 1
870,2025,10,7,15.0,30.0,0.0,35.80659,139.25262,痕跡
871,2023,6,7,,,,35.806851,138.990269,痕跡
872,2025,5,21,17.0,0.0,0.0,35.80701,139.09351,目撃 / 幼獣: 1
873,2025,5,27,15.0,39.0,0.0,35.80714,139.00018,痕跡
874,2026,5,3,15.0,55.0,0.0,35.807191,139.007726,捕獲 / 不明: 1
875,2025,12,12,11.0,5.0,0.0,35.80751,139.04895,痕跡
876,2025,7,6,14.0,30.0,0.0,35.80755,139.2063,目撃 / 幼獣: 1
877,2025,9,17,17.0,20.0,0.0,35.807672,139.173842,目撃 / 成獣: 1
878,2026,8,7,10.0,30.0,0.0,35.807678,139.086729,目撃 / 不明: 1
879,2026,7,29,15.0,50.0,0.0,35.807769,139.174015,目撃 / 幼獣: 1
880,2026,7,12,12.0,51.0,0.0,35.808158,139.050384,目撃 / 不明: 3
881,2026,5,17,11.0,55.0,0.0,35.80825486,139.0673292,目撃 / 成獣: 1
882,2024,5,2,12.0,22.0,0.0,35.80829,139.0799,痕跡
883,2025,10,10,7.0,0.0,0.0,35.80835,139.2583,目撃 / 成獣: 1
884,2025,9,29,13.0,10.0,0.0,35.80856,139.20299,目撃 / 幼獣: 1
885,2025,5,26,13.0,30.0,0.0,35.80862,139.08741,目撃 / 幼獣: 1
886,2025,6,3,9.0,10.0,0.0,35.80863,139.08732,目撃 / 成獣: 1
887,2026,7,30,22.0,0.0,0.0,35.808708,139.094429,痕跡
888,2025,5,23,10.0,40.0,0.0,35.808839,139.086759,目撃 / 成獣: 1
889,2024,6,11,12.0,54.0,0.0,35.80931,139.04837,目撃 / 成獣: 1
890,2025,8,5,6.0,10.0,0.0,35.809547,139.15385,目撃 / 成獣: 1
891,2024,10,15,6.0,0.0,0.0,35.80999,139.26645,目撃 / 成獣: 1
892,2025,10,18,12.0,33.0,0.0,35.8102,139.07344,目撃 / 成獣: 1
893,2023,11,24,11.0,0.0,0.0,35.81022,139.23342,目撃 / 不明: 1
894,2025,8,18,7.0,50.0,0.0,35.81026,139.20104,目撃 / 幼獣: 1
895,2024,6,12,11.0,30.0,0.0,35.81029,139.13367,目撃 / 不明: 1
896,2026,2,1,8.0,30.0,0.0,35.81065,139.15864,目撃 / 不明: 2
897,2025,5,27,9.0,53.0,0.0,35.81076,139.00052,痕跡
898,2024,6,12,7.0,30.0,0.0,35.81081,139.136063,目撃 / 不明: 1
899,2023,6,23,,,,35.810957,139.048805,痕跡
900,2024,10,20,9.0,0.0,0.0,35.811418,139.091313,捕獲 / 成獣: 1
901,2025,5,28,15.0,20.0,0.0,35.81169,139.08748,目撃 / 幼獣: 1
902,2026,6,13,18.0,0.0,0.0,35.812617,139.093527,目撃 / 不明: 1
903,2024,6,9,11.0,30.0,0.0,35.81278687,139.1992097,目撃 / 不明: 1
904,2025,7,1,2.0,0.0,0.0,35.812819,139.143899,目撃 / 成獣: 1
905,2023,7,4,,,,35.812906,138.977823,痕跡
906,2025,5,27,16.0,0.0,0.0,35.812938,139.087742,目撃 / 成獣: 1
907,2024,6,9,9.0,0.0,0.0,35.81296,139.20625,目撃 / 成獣: 1
908,2024,6,14,8.0,0.0,0.0,35.81296,139.20625,目撃 / 成獣: 1
909,2024,7,10,8.0,30.0,0.0,35.812972,139.088315,捕獲 / 成獣: 1
910,2024,5,20,10.0,38.0,0.0,35.81343,139.0012,痕跡
911,2025,7,3,10.0,0.0,0.0,35.813646,139.148986,目撃 / 成獣: 1
912,2024,8,5,10.0,13.0,0.0,35.81365,139.14615,目撃 / 成獣: 1
913,2026,6,1,12.0,0.0,0.0,35.8139,139.05952,痕跡
914,2024,6,17,14.0,0.0,0.0,35.8143222,139.0962409,痕跡 / 不明: 1
915,2026,5,22,10.0,30.0,0.0,35.814629,138.979118,痕跡
916,2024,6,1,15.0,0.0,0.0,35.814742,139.096232,痕跡
917,2026,5,31,18.0,12.0,0.0,35.814842,139.092097,目撃 / 成獣: 1
918,2024,5,12,,,,35.81512,138.98759,目撃 / 成獣: 1
919,2026,4,15,7.0,30.0,0.0,35.815477,139.142247,目撃 / 幼獣: 1
920,2025,5,22,11.0,50.0,0.0,35.815815,139.078622,目撃 / 成獣: 1
921,2024,1,26,16.0,0.0,0.0,35.81607,139.29707,痕跡
922,2026,7,21,10.0,30.0,0.0,35.816191,139.09491,目撃 / 幼獣: 2
923,2023,7,23,,,,35.816682,139.046359,目撃 / 幼獣: 1
924,2024,6,22,10.0,52.0,0.0,35.8167,139.027,痕跡
925,2024,6,19,5.0,0.0,0.0,35.8169,139.20466,目撃 / 不明: 1
926,2025,12,10,9.0,30.0,0.0,35.81744,139.27126,目撃 / 成獣: 1
927,2023,6,25,,,,35.817661,139.047958,痕跡
928,2024,7,23,13.0,0.0,0.0,35.8178,139.05448,目撃 / 成獣: 1
929,2024,6,22,11.0,0.0,0.0,35.8185,139.0262,痕跡
930,2024,10,27,12.0,1.0,0.0,35.81858,139.02627,痕跡
931,2025,10,6,7.0,30.0,0.0,35.8187,139.24123,目撃 / 成獣: 1
932,2023,6,14,16.0,0.0,0.0,35.818735,139.24686,目撃 / 不明: 1
933,2024,7,18,9.0,0.0,0.0,35.81938,139.19687,痕跡 / 不明: 1
934,2024,7,24,7.0,30.0,0.0,35.81961,139.08671,痕跡
935,2026,6,1,14.0,20.0,0.0,35.819628,139.177531,目撃 / 幼獣: 1
936,2023,6,16,,,,35.819831,139.247932,目撃 / 不明: 1
937,2024,7,10,,,,35.81999,139.01987,痕跡
938,2025,10,24,,,,35.82003,139.0418,目撃 / 成獣: 1 / 幼獣: 1
939,2026,4,16,12.0,30.0,0.0,35.820239,139.273826,目撃 / 幼獣: 1
940,2023,6,21,,,,35.82098,139.193172,撮影 / 不明: 1
941,2026,8,4,7.0,50.0,0.0,35.821201,139.142564,痕跡
942,2026,8,5,7.0,40.0,0.0,35.821201,139.142564,痕跡
943,2026,7,2,7.0,30.0,0.0,35.821213,139.161557,目撃 / 成獣: 1
944,2026,6,11,8.0,0.0,0.0,35.82122,139.092499,痕跡
945,2026,8,8,7.0,50.0,0.0,35.821264,139.142465,捕獲 / 成獣: 1
946,2024,6,5,12.0,30.0,0.0,35.82164,139.0806,捕獲 / 成獣: 1
947,2024,6,5,10.0,30.0,0.0,35.8217,139.0806448,目撃 / 成獣: 1
948,2024,7,21,20.0,15.0,0.0,35.8217,139.0806448,目撃 / 成獣: 1
949,2025,5,24,15.0,34.0,0.0,35.82207,139.09768,痕跡
950,2024,6,29,11.0,0.0,0.0,35.82222,139.09877,痕跡
951,2023,10,28,,,,35.8223,139.09399,痕跡
952,2025,6,4,10.0,0.0,0.0,35.8223,139.0987,痕跡
953,2025,6,10,19.0,0.0,0.0,35.8224,139.14883,目撃 / 成獣: 1
954,2024,8,1,19.0,0.0,0.0,35.82242,139.27644,目撃 / 成獣: 1
955,2024,6,22,12.0,35.0,0.0,35.8235,139.0215,痕跡
956,2025,5,24,15.0,0.0,0.0,35.82379,139.09948,目撃 / 不明: 3
957,2025,6,4,10.0,17.0,0.0,35.8238,139.0992,痕跡
958,2023,5,4,19.0,0.0,0.0,35.823816,139.076657,目撃 / 成獣: 1
959,2023,8,29,9.0,0.0,0.0,35.823972,139.285355,痕跡
960,2024,10,7,12.0,50.0,0.0,35.8242333,139.0470672,目撃 / 成獣: 1
961,2025,5,24,10.0,55.0,0.0,35.82434,139.09946,痕跡
962,2025,2,22,10.0,45.0,0.0,35.82442,139.0332,目撃 / 不明: 1
963,2026,5,24,7.0,50.0,0.0,35.824438,139.076719,目撃 / 成獣: 1
964,2024,6,11,,,,35.8247,138.97562,痕跡
965,2025,7,1,10.0,56.0,0.0,35.82498,139.12295,痕跡
966,2024,8,2,7.0,0.0,0.0,35.82499,139.2717,目撃 / 成獣: 1
967,2023,12,16,13.0,10.0,0.0,35.82499,139.2722,目撃 / 不明: 1
968,2023,7,9,,,,35.825121,139.257545,目撃 / 成獣: 1
969,2026,6,19,12.0,5.0,0.0,35.8255,139.2227,目撃 / 幼獣: 1
970,2024,6,26,11.0,6.0,0.0,35.8261,138.975,痕跡
971,2025,12,12,10.0,10.0,0.0,35.82627,139.27374,目撃 / 成獣: 1
972,2024,7,7,,,,35.82686,139.10002,目撃 / 不明: 1
973,2023,6,18,,,,35.826895,139.176693,痕跡
974,2024,5,8,9.0,52.0,0.0,35.8273,139.1004,痕跡
975,2024,4,25,12.0,22.0,0.0,35.8274,139.1006,痕跡
976,2026,6,8,13.0,0.0,0.0,35.82747,139.00392,痕跡
977,2025,6,18,,,,35.82767,138.99247,痕跡
978,2024,6,15,14.0,10.0,0.0,35.8277,139.1183,痕跡
979,2026,8,20,5.0,30.0,0.0,35.827702,139.216147,目撃 / 成獣: 1
980,2025,10,16,10.0,53.0,0.0,35.82775,139.14959,痕跡
981,2025,5,27,14.0,30.0,0.0,35.8279,139.0016,目撃 / 不明: 1
982,2024,11,4,9.0,50.0,0.0,35.82795,139.1007,目撃 / 幼獣: 1
983,2024,10,26,12.0,0.0,0.0,35.82829,138.99233,目撃 / 成獣: 2
984,2023,12,6,,,,35.82833,139.10461,痕跡 / 不明: 1
985,2023,6,23,,,,35.828496,139.102707,痕跡
986,2024,6,23,8.0,30.0,0.0,35.82856,139.1428,捕獲 / 成獣: 1
987,2024,6,13,14.0,25.0,0.0,35.82901,139.07042,捕獲 / 成獣: 1
988,2023,11,29,,,,35.82904,139.01224,痕跡
989,2023,6,24,,,,35.829244,138.974261,痕跡
990,2023,9,17,,,,35.829435,139.138241,痕跡
991,2024,4,21,11.0,10.0,0.0,35.82948,138.97395,目撃 / 成獣: 1
992,2025,3,24,13.0,27.0,0.0,35.82964,139.17801,痕跡
993,2023,12,14,,,,35.82997,139.26897,目撃 / 幼獣: 1
994,2024,6,7,9.0,0.0,0.0,35.83068203,139.1853901,目撃 / 不明: 1
995,2024,7,10,10.0,45.0,0.0,35.83096,138.97052,痕跡
996,2024,6,26,11.0,37.0,0.0,35.83097,138.97042,痕跡
997,2023,12,27,,,,35.83114,138.97975,痕跡 / 不明: 1
998,2024,4,30,14.0,0.0,0.0,35.83189,139.27052,目撃 / 成獣: 1
999,2024,9,8,13.0,54.0,0.0,35.83192,139.0763,目撃 / 成獣: 1
1000,2024,5,9,,,,35.83231,139.12038,痕跡
1001,2025,11,14,9.0,30.0,0.0,35.8325,139.0765,目撃 / 成獣: 1
1002,2025,12,26,12.0,55.0,0.0,35.83257,139.11768,痕跡
1003,2024,5,19,,,,35.83303,139.22928,目撃 / 成獣: 1 / 幼獣: 2
1004,2023,5,25,,,,35.833036,138.958769,痕跡
1005,2023,7,9,7.0,0.0,0.0,35.83361,139.241409,痕跡
1006,2025,7,1,,,,35.83384,139.1076,痕跡
1007,2025,7,2,16.0,0.0,0.0,35.83384,139.1076,目撃 / 幼獣: 1
1008,2025,7,3,6.0,30.0,0.0,35.83384,139.1076,目撃 / 幼獣: 1
1009,2024,6,10,13.0,52.0,0.0,35.8353,139.177,痕跡
1010,2023,11,22,,,,35.83542,139.28454,目撃 / 不明: 1
1011,2023,11,5,,,,35.83582,139.201283,目撃 / 成獣: 1
1012,2025,7,3,15.0,8.0,0.0,35.83596,139.11532,目撃 / 不明: 1
1013,2023,9,1,9.0,0.0,0.0,35.836192,139.291186,痕跡
1014,2023,11,4,9.0,20.0,0.0,35.836374,139.202399,捕獲 / 成獣: 1
1015,2024,6,15,12.0,52.0,0.0,35.8366,139.1074,痕跡
1016,2024,7,7,9.0,30.0,0.0,35.83716,139.24853,目撃 / 成獣: 1
1017,2023,6,27,,,,35.837611,139.109573,痕跡
1018,2025,9,24,12.0,41.0,0.0,35.83774,139.10674,痕跡
1019,2023,12,7,10.0,20.0,0.0,35.83784,139.07319,目撃 / 成獣: 1 / 幼獣: 2
1020,2025,6,13,,,,35.83794,139.11452,痕跡
1021,2024,6,4,7.0,40.0,0.0,35.83825,139.08427,痕跡
1022,2023,5,5,12.0,30.0,0.0,35.838377,139.106913,目撃 / 幼獣: 1
1023,2023,6,18,,,,35.838725,139.101849,痕跡
1024,2026,4,13,9.0,45.0,0.0,35.838816,139.073184,目撃 / 成獣: 1
1025,2023,12,7,8.0,35.0,0.0,35.83883,139.07341,目撃 / 成獣: 1 / 幼獣: 2
1026,2023,11,15,,,,35.84033,139.04866,目撃 / 成獣: 1 / 幼獣: 2
1027,2023,12,2,,,,35.84083,139.03896,痕跡
1028,2024,6,24,8.0,0.0,0.0,35.84096,139.20336,痕跡
1029,2024,8,23,8.0,20.0,0.0,35.84115,139.04303,目撃 / 成獣: 1
1030,2024,8,25,19.0,10.0,0.0,35.84127,139.04425,目撃 / 幼獣: 1
1031,2023,5,15,19.0,15.0,0.0,35.841743,139.065478,目撃 / 成獣: 1
1032,2024,7,26,6.0,0.0,0.0,35.84205,138.94882,目撃 / 成獣: 2
1033,2023,5,31,,,,35.84223,139.033742,痕跡
1034,2025,6,2,,,,35.84238,139.11271,痕跡
1035,2025,9,24,6.0,30.0,0.0,35.842488,139.039387,捕獲 / 成獣: 1
1036,2024,6,25,8.0,30.0,0.0,35.842713,139.093133,目撃 / 不明: 1
1037,2024,6,2,18.0,30.0,0.0,35.842713,139.154939,目撃 / 成獣: 1
1038,2024,6,4,18.0,30.0,0.0,35.842713,139.154939,目撃 / 成獣: 1
1039,2024,8,8,13.0,19.0,0.0,35.84292,139.03461,痕跡
1040,2023,5,10,3.0,30.0,0.0,35.843026,139.039396,目撃 / 成獣: 1
1041,2023,6,13,,,,35.843039,139.117298,痕跡
1042,2024,6,24,,,,35.84349,138.94776,目撃 / 不明: 1
1043,2024,3,2,10.0,15.0,0.0,35.84427,139.0477,痕跡 / 不明: 1
1044,2025,10,29,12.0,22.0,0.0,35.8452,138.97077,痕跡
1045,2025,11,2,10.0,13.0,0.0,35.84528,139.12371,痕跡
1046,2025,10,29,12.0,41.0,0.0,35.84547,138.96838,痕跡
1047,2025,10,29,12.0,38.0,0.0,35.84558,138.96859,痕跡
1048,2025,7,3,9.0,49.0,0.0,35.84573,139.0895,痕跡
1049,2024,6,3,,,,35.84583,139.11549,痕跡
1050,2024,6,4,,,,35.84583,139.11549,痕跡
1051,2023,12,14,12.0,4.0,0.0,35.84604,139.08928,目撃 / 不明: 1
1052,2023,5,20,6.0,30.0,0.0,35.847435,139.036649,目撃 / 成獣: 1
1053,2025,6,13,,,,35.84751,139.11102,痕跡
1054,2023,11,24,,,,35.84888,139.10887,痕跡
1055,2023,9,10,,,,35.849057,139.054642,痕跡
1056,2023,11,20,,,,35.84931,139.09227,痕跡
1057,2024,8,14,17.0,5.0,0.0,35.8497,139.03399,目撃 / 不明: 1
1058,2024,7,28,9.0,50.0,0.0,35.85023,139.15526,痕跡
1059,2025,9,21,12.0,0.0,0.0,35.85028,139.02981,目撃 / 成獣: 1
1060,2025,8,2,12.0,33.0,0.0,35.85049,139.11197,痕跡
1061,2025,8,23,16.0,30.0,0.0,35.8506821,139.1503307,目撃 / 幼獣: 1
1062,2025,6,4,16.0,10.0,0.0,35.8508,139.0483,痕跡
1063,2026,7,30,10.0,3.0,0.0,35.85087,139.15593,痕跡
1064,2025,5,21,10.0,26.0,0.0,35.85091,139.15596,痕跡
1065,2024,5,17,,,,35.85102,139.1088,痕跡
1066,2025,9,21,11.0,10.0,0.0,35.8512,139.11081,痕跡
1067,2025,8,2,11.0,19.0,0.0,35.85125,139.10942,痕跡
1068,2025,11,2,11.0,11.0,0.0,35.85126,139.10938,痕跡
1069,2023,6,13,,,,35.852761,139.037218,痕跡
1070,2026,7,30,10.0,13.0,0.0,35.853,139.15624,痕跡
1071,2025,5,11,8.0,20.0,0.0,35.853841,138.984226,捕獲 / 成獣: 1 / 幼獣: 1
1072,2024,6,3,,,,35.85385,139.10391,痕跡
1073,2024,7,20,10.0,49.0,0.0,35.85404,139.1109,痕跡
1074,2025,7,3,11.0,21.0,0.0,35.85408,139.096,痕跡
1075,2023,7,1,14.0,0.0,0.0,35.854153,139.011555,目撃 / 成獣: 1
1076,2026,6,5,12.0,0.0,0.0,35.85416,139.09595,痕跡
1077,2023,7,6,,,,35.85417,139.097385,痕跡
1078,2025,7,3,12.0,40.0,0.0,35.8544,139.10792,目撃 / 不明: 1
1079,2025,7,3,12.0,41.0,0.0,35.8544,139.10792,痕跡
1080,2026,6,9,13.0,0.0,0.0,35.85459,139.1029,痕跡
1081,2025,6,1,10.0,39.0,0.0,35.8546,139.1101,痕跡 / 不明: 1
1082,2025,7,3,11.0,27.0,0.0,35.85461,139.09619,痕跡
1083,2024,11,22,10.0,54.0,0.0,35.85522,139.05418,痕跡
1084,2024,6,24,,,,35.85564,138.94609,目撃 / 不明: 1
1085,2024,6,10,,,,35.85585,138.99857,痕跡
1086,2026,7,16,10.0,2.0,0.0,35.85719,138.9755,痕跡
1087,2025,6,6,,,,35.85833,139.09626,痕跡
1088,2026,6,18,13.0,0.0,0.0,35.85856,139.00324,痕跡
1089,2023,9,10,,,,35.858935,139.057388,痕跡
1090,2025,8,3,10.0,19.0,0.0,35.85929,139.10135,痕跡
1091,2026,7,17,10.0,12.0,0.0,35.85935,139.10154,痕跡
1092,2025,6,13,,,,35.85948,139.10012,痕跡
1093,2025,6,4,,,,35.8595,139.03678,痕跡
1094,2025,3,28,11.0,42.0,0.0,35.85977,139.10698,痕跡
1095,2025,3,28,12.0,29.0,0.0,35.86129,139.1152,痕跡
1096,2025,8,9,11.0,22.0,0.0,35.86144,139.11509,痕跡
1097,2026,6,12,11.0,0.0,0.0,35.86162,139.10239,痕跡
1098,2024,5,26,12.0,38.0,0.0,35.86203,139.1176,痕跡
1099,2025,12,6,11.0,45.0,0.0,35.86248,139.05817,痕跡
1100,2025,8,17,13.0,51.0,0.0,35.87024,139.08691,痕跡
1101,2025,6,30,12.0,6.0,0.0,35.8703,139.0869,痕跡
1102,2024,6,13,13.0,52.0,0.0,35.8708,139.0883,痕跡
1103,2025,6,4,15.0,12.0,0.0,35.8714,139.0584,痕跡
1104,2025,10,30,11.0,26.0,0.0,35.87146,138.98405,痕跡
1105,2024,1,8,,,,35.872,139.05815,痕跡
1106,2025,6,4,14.0,44.0,0.0,35.8771,139.056,痕跡
1107,2024,6,14,12.0,30.0,0.0,35.88609,139.04131,目撃 / 不明: 1
1108,2024,10,25,,,,35.894,139.025,目撃 / 成獣: 1
1109,2024,5,30,13.0,27.0,0.0,35.89417,139.0271,痕跡
1110,2025,6,4,13.0,18.0,0.0,35.8948,139.0244,痕跡
